reactor.ID,IPL.num,User,Type.1,Type.2,sample.ID,group.num,rep.num,Date.Time,Data.File,IPL.ID,Name.full,flag.major,flag.analysis,primes,comments,version,d17O,d.17O,d17O.err,d18O,d.18O,d18O.err,CAP.17O,CAP17O.err,d33,d33.err,d34,d34.err,d35,d35.err,d36,d36.err,X33.mismatch.R2,X34.mismatch.R2,d.18O.prelim,test.d.18O.prelim,flag.d18O,flag,reactor.segment,d33.smow_ref,d34.smow_ref,d17O.slap,d18O.slap,dp17O.SMOWSLAP,dp18O.SMOWSLAP,D17O.SMOWSLAP,D17O.SMOWSLAP.per.meg,dp17O.SMOWSLAP.CO2norm,dp18O.SMOWSLAP.CO2norm,D17O.SMOWSLAP.per.meg.carbNorm,dp17O.SMOWSLAP.CO2norm.type,dp18O.SMOWSLAP.CO2norm.type,D17O.SMOWSLAP.per.meg.carbNorm.type
32,5556,acf,WaterStd,House DI,House DI,1,2 1,3/12/25 13:47,Data_3324,IPL-17O-5556,Data_3324 IPL-17O-5556 HouseDI#3-R32-2 1,0,0,1,,2.5,-3.593441739,-3.599914052,0.004471943,-6.763922352,-6.7869014,0.001549912,-0.016430113,0.004514553,-13.75179822,0.004426351,-26.5254556,0.001519075,-24.77380509,0.165066283,374.312901,0.599867919,0.028863911,0.021058447,-6.772078887,0.069191242,0,0,1,-3.293918372,-6.251124977,-3.523630071,-6.681555302,-3.529852678,-6.703976822,0.009847085,9.847084548,-3.529852678,-6.703976822,9.847084548,no correction,no correction,no correction
32,5557,acf,WaterStd,House DI,House DI,1,3 1,3/12/25 16:01,Data_3325,IPL-17O-5557,Data_3325 IPL-17O-5557 HouseDI#3-R32-3 1,0,0,0,,2.5,-3.587741323,-3.594192998,0.003881314,-6.753426041,-6.776333646,0.001185287,-0.016288833,0.003757048,-13.74615592,0.003841744,-26.51516813,0.001161705,-26.30290224,0.109510544,373.2462247,0.289226134,0.000380915,0.001170898,-6.761193888,0.010884999,0,0,1,-3.287225792,-6.238803254,-3.516470764,-6.668385149,-3.52266808,-6.690718168,0.010031113,10.03111261,-3.52266808,-6.690718168,10.03111261,no correction,no correction,no correction
32,5558,acf,WaterStd,House DI,House DI,1,4 1,3/13/25 11:25,Data_3326,IPL-17O-5558,Data_3326 IPL-17O-5558 HouseDI#3-R32-4 1,0,0,0,,2.5,-3.547882256,-3.554191242,0.004183396,-6.670455816,-6.692802914,0.003066165,-0.020391304,0.004223462,-13.70670321,0.004140746,-26.43384869,0.003005161,-27.25619478,0.168496091,366.2835292,0.451819511,0.036628474,0.151412841,-6.675155368,0.08603852,0,0,1,-3.238730384,-6.13994168,-3.464593377,-6.562716316,-3.470608979,-6.584345622,0.00592551,5.925509879,-3.470608979,-6.584345622,5.925509879,no correction,no correction,no correction
32,5559,acf,WaterStd,SMOW,SMOW,1,1 1,3/13/25 13:52,Data_3327,IPL-17O-5559,Data_3327 IPL-17O-5559 VSMOW2-B9-R32-1 1,0,0,2,,2.5,-0.151931202,-0.15194308,0.004148062,-0.236992595,-0.237020716,0.00132237,-0.026796142,0.004215337,-10.34537385,0.004105773,-20.12838635,0.00129606,-22.59087897,0.121762343,324.0021121,0.138529611,0.022315176,0.026840803,-0.026218647,6.648936721,0,0,1,0.159364388,0.298966882,0.170478162,0.319552682,0.170463632,0.319501636,0.001766768,1.766767915,0.170463632,0.319501636,1.766767915,no correction,no correction,no correction
32,5560,acf,WaterStd,SMOW,SMOW,1,2 1,3/13/25 15:45,Data_3328,IPL-17O-5560,Data_3328 IPL-17O-5560 VSMOW2-B9-R32-2 1,0,0,0,,2.5,-0.192381198,-0.192399912,0.003257993,-0.315470533,-0.315520326,0.001053293,-0.02580518,0.003069747,-10.38541146,0.003224778,-20.20530288,0.001032337,-23.85929277,0.142766675,440.9434648,0.286843157,0.059462595,0.055490786,-0.107059246,0.080840599,0,0,1,0.11974406,0.221999332,0.128094787,0.23728542,0.128086583,0.237257272,0.002814743,2.814743492,0.128086583,0.237257272,2.814743492,no correction,no correction,no correction
32,5561,acf,WaterStd,SMOW,SMOW,1,3 1,3/13/25 17:45,Data_3329,IPL-17O-5561,Data_3329 IPL-17O-5561 VSMOW2-B9-R32-3 1,0,0,0,,2.5,-0.234358032,-0.234385737,0.003543406,-0.369983143,-0.370051637,0.00134176,-0.038998472,0.003662809,-10.42696034,0.003507281,-20.25873091,0.001315064,-24.44978681,0.136619958,358.0346027,0.166627708,0.042952742,0.154057213,-0.16321686,0.056157614,0,0,1,0.078644399,0.169098359,0.084128912,0.180741873,0.084125373,0.180725541,-0.011297713,-11.2977129,0.084125373,0.180725541,-11.2977129,no correction,no correction,no correction
32,5562,acf,WaterStd,SMOW,SMOW,1,4 1,3/14/25 10:31,Data_3330,IPL-17O-5562,Data_3330 IPL-17O-5562 VSMOW2-B9-R32-4 1,0,0,0,,2.5,-0.281648485,-0.281688434,0.003775624,-0.486068255,-0.48618656,0.002637269,-0.02498193,0.003927869,-10.47376867,0.003737132,-20.37250638,0.002584798,-25.11201125,0.124360793,543.5628088,0.458157929,0.001386652,0.000742547,-0.282815537,0.119598676,0,0,1,0.03881376,0.06672689,0.041520559,0.071321467,0.041519697,0.071318924,0.003863305,3.863305335,0.041519697,0.071318924,3.863305335,no correction,no correction,no correction
32,5564,acf,WaterStd,SLAP,SLAP,1,1 1,3/14/25 14:39,Data_3332,IPL-17O-5564,Data_3332 IPL-17O-5564 SLAP-B10-R32-1 1,0,0,3,,2.5,-28.71646638,-29.13685202,0.004211693,-53.66017652,-55.15355306,0.001586517,-0.015776003,0.004259748,-38.61869384,0.004168754,-72.48865679,0.001554952,-85.49082852,0.123771749,256.7264682,0.090487438,0.002590664,0.001649203,-56.62759712,54.88147638,0,0,1,-28.4033327,-53.13358168,-30.38412794,-56.79217192,-30.85529411,-58.4686303,0.016142693,16.1426928,-30.85529411,-58.4686303,16.1426928,no correction,no correction,no correction
32,5565,acf,WaterStd,SLAP,SLAP,1,2 1,3/16/25 13:40,Data_3333,IPL-17O-5565,Data_3333 IPL-17O-5565 SLAP-B10-R32-2 1,0,0,0,,2.5,-28.627407,-29.04516385,0.004726131,-53.47106928,-54.95374359,0.006028698,-0.029587235,0.003986294,-38.53054242,0.004677949,-72.30331205,0.005908751,-83.35809853,0.185123238,494.1064621,0.286441384,0.042597019,0.039350506,-56.42148219,0.206114926,0,0,1,-28.29387836,-52.90778433,-30.26704045,-56.55082697,-30.73454482,-58.21278628,0.001806335,1.806335329,-30.73454482,-58.21278628,1.806335329,no correction,no correction,no correction
32,5566,acf,WaterStd,SLAP,SLAP,1,3 1,3/16/25 15:30,Data_3334,IPL-17O-5566,Data_3334 IPL-17O-5566 SLAP2-C1-R32-3 1,0,0,0,,2.5,-28.81381344,-29.23708212,0.00367079,-53.82870993,-55.33165864,0.001446576,-0.021966361,0.003806012,-38.71504844,0.003633367,-72.65383704,0.001417795,-87.06201137,0.161487521,343.3593764,0.149123915,0.004717531,0.007039333,-56.81132368,0.389841484,0,0,1,-28.47955189,-53.26420653,-30.46566251,-56.93179113,-30.9393872,-58.61666719,0.010213078,10.21307768,-30.9393872,-58.61666719,10.21307768,no correction,no correction,no correction
32,5567,acf,WaterStd,SLAP,SLAP,1,4 1,3/16/25 17:20,Data_3335,IPL-17O-5567,Data_3335 IPL-17O-5567 SLAP2-C1-R32-4 1,0,0,0,,2.5,-28.86685109,-29.29169485,0.003880786,-53.91477752,-55.42262683,0.001185918,-0.028547889,0.004032211,-38.76754537,0.003841221,-72.73819221,0.001162323,-88.7162546,0.143037717,278.4417285,0.077365976,0.081156629,0.069174322,-56.90516321,0.093839533,0,0,1,-28.53181105,-53.34889452,-30.52156612,-57.02231044,-30.99704913,-58.71265563,0.003233043,3.233043314,-30.99704913,-58.71265563,3.233043314,no correction,no correction,no correction
32,5568,acf,Water,Mono Basin,MB_24_08_376,1,01 1,3/17/25 11:48,Data_3336,IPL-17O-5568,Data_3336 IPL-17O-5568 MB_24_08_376-R32-01 1,0,0,3,,2.5,-8.379913134,-8.415222465,0.004837325,-15.82900696,-15.95562385,0.003483024,0.00934693,0.004670722,-18.48947158,0.004788009,-35.4101803,0.003413725,-44.19516263,0.120079755,358.2158764,0.15084116,0.015355624,0.012291978,-16.21736972,40.68779349,0,0,1,-8.029641615,-15.22540694,-8.589613786,-16.27377454,-8.62671714,-16.4076468,0.036520368,36.52036831,-8.62671714,-16.4076468,36.52036831,no correction,no correction,no correction
32,5569,acf,Water,Mono Basin,MB_24_08_376,1,02 1,3/17/25 14:33,Data_3337,IPL-17O-5569,Data_3337 IPL-17O-5569 MB_24_08_376-R32-02 1,0,0,0,,2.5,-8.438000234,-8.473801994,0.003879476,-15.93458077,-16.06290124,0.001652163,0.007409861,0.004304261,-18.54696648,0.003839925,-35.5136536,0.001619292,-45.05433195,0.142447166,391.9988253,0.141079053,0.01310835,0.010724068,-16.32789874,0.110529021,0,0,1,-8.086530978,-15.32881656,-8.650470507,-16.38430457,-8.68810301,-16.52001164,0.034463137,34.46313729,-8.68810301,-16.52001164,34.46313729,no correction,no correction,no correction
32,5570,acf,Water,Mono Basin,MB_24_08_376,1,03 1,3/17/25 17:07,Data_3338,IPL-17O-5570,Data_3338 IPL-17O-5570 MB_24_08_376-R32-03 1,0,0,0,,2.5,-8.437379836,-8.473176358,0.004139063,-15.93090452,-16.05916544,0.001246924,0.006062996,0.004127604,-18.54635241,0.004096865,-35.5100505,0.001222115,-45.45393301,0.141485838,420.1209234,0.114364701,0.041513935,0.037375395,-16.32404974,0.003849004,0,0,1,-8.084775382,-15.32306145,-8.648592479,-16.37815319,-8.686208596,-16.51375781,0.033055529,33.05552913,-8.686208596,-16.51375781,33.05552913,no correction,no correction,no correction
32,5571,acf,Water,Mono Basin,MB_24_11_423,1,01 1,3/18/25 11:19,Data_3339,IPL-17O-5571,Data_3339 IPL-17O-5571 MB_24_11_423-R32-01 1,0,0,1,,2.5,-8.60459433,-8.641827894,0.003914558,-16.23072381,-16.36388499,0.00271682,-0.001696617,0.003638457,-18.71186215,0.003874649,-35.80390455,0.002662766,-45.64527909,0.147545477,402.3343179,0.206243966,0.00272277,0.004359588,-16.63800675,0.313957011,0,0,1,-8.244008119,-15.60835534,-8.818929809,-16.68309141,-8.85804672,-16.82382158,0.024931077,24.93107707,-8.85804672,-16.82382158,24.93107707,no correction,no correction,no correction
32,5572,acf,Water,Mono Basin,MB_24_11_423,1,02 1,3/18/25 13:27,Data_3340,IPL-17O-5572,Data_3340 IPL-17O-5572 MB_24_11_423-R32-02 1,0,0,0,,2.5,-8.553161409,-8.589949916,0.003900424,-16.15123565,-16.28308853,0.001158354,0.00752083,0.004109603,-18.66095359,0.003860659,-35.72599789,0.001135307,-45.87906127,0.113142236,439.325238,0.099897762,0.007703267,0.008845698,-16.55476079,0.083245963,0,0,1,-8.191607821,-15.52708133,-8.762875212,-16.59622116,-8.801494982,-16.73548138,0.034839188,34.83918782,-8.801494982,-16.73548138,34.83918782,no correction,no correction,no correction
32,5573,acf,Water,Mono Basin,MB_24_11_423,1,03 1,3/18/25 15:45,Data_3341,IPL-17O-5573,Data_3341 IPL-17O-5573 MB_24_11_423-R32-03 1,0,0,0,,2.5,-8.676410031,-8.714269553,0.004076295,-16.38565187,-16.52138143,0.001528587,0.009019843,0.004174435,-18.78294569,0.004034737,-35.95575014,0.001498174,-46.56423108,0.136322945,341.1672262,0.093004692,0.110556917,0.11937987,-16.80027894,0.245518152,0,0,1,-8.313889221,-15.75979475,-8.893684288,-16.8449584,-8.933469163,-16.98844838,0.036431581,36.43158145,-8.933469163,-16.98844838,36.43158145,no correction,no correction,no correction
32,5574,acf,Water,Mono Basin,MB_24_05_337,1,01 1,3/18/25 17:59,Data_3342,IPL-17O-5574,Data_3342 IPL-17O-5574 MB_24_05_337-R32-01 1,0,0,0,,2.5,-8.453040689,-8.488970509,0.003569045,-15.95929661,-16.0880176,0.001456926,0.005502783,0.003837845,-18.5618536,0.003532659,-35.5378777,0.001427939,-46.23544042,0.120648703,360.6030263,0.069504279,0.008438167,0.010825577,-16.35377641,0.446502527,0,0,1,-8.089448522,-15.33135746,-8.653591514,-16.38702044,-8.691251256,-16.52277275,0.032772756,32.7727558,-8.691251256,-16.52277275,32.7727558,no correction,no correction,no correction
32,5575,acf,Water,Mono Basin,MB_24_05_337,1,02 1,3/19/25 11:05,Data_3343,IPL-17O-5575,Data_3343 IPL-17O-5575 MB_24_05_337-R32-02 1,0,0,1,,2.5,-8.380523203,-8.415837459,0.003426672,-15.83443928,-15.96114352,0.003161651,0.011646317,0.003917687,-18.49007543,0.003391737,-35.41550453,0.003098747,-45.95911057,0.131561563,431.3700313,0.327806886,0.01284867,0.00920274,-16.22305671,0.130719698,0,0,1,-8.009338606,-15.19257682,-8.567894883,-16.23868385,-8.604810304,-16.37197624,0.039593151,39.59315094,-8.604810304,-16.37197624,39.59315094,no correction,no correction,no correction
32,5576,acf,Water,Mono Basin,MB_24_05_337,1,03 1,3/19/25 13:03,Data_3344,IPL-17O-5576,Data_3344 IPL-17O-5576 MB_24_05_337-R32-03 1,0,0,0,,2.5,-8.412985771,-8.448575067,0.004400532,-15.89738557,-16.02510445,0.001266292,0.012680081,0.004459136,-18.52220704,0.004355668,-35.47719845,0.001241097,-47.01219423,0.12018374,387.0293348,0.083447951,0.002931739,0.00141819,-16.28895636,0.065899645,0,0,1,-8.040948156,-15.25398116,-8.601708824,-16.30431627,-8.638917045,-16.43869427,0.040713529,40.71352922,-8.638917045,-16.43869427,40.71352922,no correction,no correction,no correction
32,5577,acf,Water,Mono Basin,MB_24_11_408,1,01 1,3/19/25 15:05,Data_3345,IPL-17O-5577,Data_3345 IPL-17O-5577 MB_24_11_408-R32-01 1,0,0,0,,2.5,-7.622251279,-7.651449339,0.003476934,-14.38364105,-14.48808843,0.001533773,-0.001738649,0.003694643,-17.73953408,0.003441486,-33.99357155,0.001503257,-45.09246057,0.135309164,422.2033097,0.084724743,0.075908456,0.071921962,-14.70539145,1.583564908,0,0,1,-7.249015718,-13.73759667,-7.7545485,-14.68351892,-7.784771356,-14.79238883,0.025609945,25.6099454,-7.784771356,-14.79238883,25.6099454,no correction,no correction,no correction
32,5578,acf,Water,Mono Basin,MB_24_11_408,1,02 1,3/19/25 18:31,Data_3346,IPL-17O-5578,Data_3346 IPL-17O-5578 MB_24_11_408-R32-02 1,0,0,0,,2.5,-7.616081945,-7.645232753,0.004223246,-14.39628472,-14.50091672,0.00178946,0.011251274,0.004331177,-17.73342764,0.00418019,-34.00596366,0.001753857,-45.47556998,0.137512819,335.7577253,0.07528267,0.008014488,0.006459511,-14.71860793,0.013216475,0,0,1,-7.241325874,-13.74746877,-7.746322381,-14.69407078,-7.776480983,-14.80309799,0.039554757,39.55475704,-7.776480983,-14.80309799,39.55475704,no correction,no correction,no correction
32,5580,acf,Water,Mono Basin,MB_24_11_408,1,04 1,3/20/25 14:36,Data_3348,IPL-17O-5580,Data_3348 IPL-17O-5580 MB_24_11_408-R32-04 1,0,0,0,,2.5,-7.536504949,-7.565048308,0.004527614,-14.24220417,-14.34459776,0.001369747,0.008899311,0.00471048,-17.65466193,0.004481455,-33.85494871,0.001342495,-45.82979886,0.151442155,406.8055194,0.08643543,0.004285245,0.006086172,-14.55755891,0.161049014,0,0,1,-7.152827351,-13.57700478,-7.651652137,-14.51186924,-7.681076219,-14.61819634,0.037331448,37.33144812,-7.681076219,-14.61819634,37.33144812,no correction,no correction,no correction
32,5581,acf,Water,Mono Basin,MB_24_05_344,1,01 1,3/21/25 12:17,Data_3349,IPL-17O-5581,Data_3349 IPL-17O-5581 MB_24_05_344-R32-01 1,0,0,0,,2.5,-8.363593985,-8.398765367,0.003812143,-15.80445985,-15.93068215,0.002610063,0.012634806,0.003849505,-18.4733188,0.003773278,-35.38612158,0.002558133,-46.45793421,0.141300962,367.4579288,0.203290554,0.016968794,0.019335398,-16.19167223,1.634113314,0,0,1,-7.970650665,-15.12277478,-8.526508918,-16.16407549,-8.563067555,-16.29613922,0.041293951,41.29395061,-8.563067555,-16.29613922,41.29395061,no correction,no correction,no correction
32,5582,acf,Water,Mono Basin,MB_24_05_344,1,02 1,3/21/25 14:47,Data_3350,IPL-17O-5582,Data_3350 IPL-17O-5582 MB_24_05_344-R32-02 1,0,0,0,,2.5,-8.3684713,-8.403683825,0.00377565,-15.80871192,-15.93500244,0.001877548,0.009997462,0.003690727,-18.47814639,0.003737157,-35.39028905,0.001840192,-47.36283815,0.124979266,385.1528276,0.084715722,0.032374134,0.035659397,-16.19612352,0.004451291,0,0,1,-7.974423754,-15.12500567,-8.530545135,-16.16645999,-8.567138491,-16.2985629,0.03850272,38.50271998,-8.567138491,-16.2985629,38.50271998,no correction,no correction,no correction
32,5583,acf,Water,Mono Basin,MB_24_05_344,1,03 1,3/21/25 18:02,Data_3351,IPL-17O-5583,Data_3351 IPL-17O-5583 MB_24_05_344-R32-03 1,0,0,1,,2.5,-8.390380324,-8.425778085,0.00439026,-15.83746936,-15.96422218,0.001273229,0.003331228,0.004425532,-18.49983205,0.004345501,-35.41847433,0.001247897,-46.92918644,0.169855449,391.9997065,0.120129989,0.001254352,0.000363817,-16.22622886,0.030105345,0,0,1,-7.99490439,-15.15115342,-8.552454052,-16.19440818,-8.589236155,-16.32697074,0.031404394,31.40439367,-8.589236155,-16.32697074,31.40439367,no correction,no correction,no correction
32,5584,acf,Water,Mono Basin,MB_24_05_355,1,01 1,3/22/25 11:49,Data_3352,IPL-17O-5584,Data_3352 IPL-17O-5584 MB_24_05_355-R32-01 1,0,0,0,,2.5,-8.031350559,-8.063775842,0.003618755,-15.16200897,-15.27812763,0.002943875,0.003075545,0.003358093,-18.14446259,0.003581862,-34.75645298,0.002885303,-46.32476164,0.151386016,377.3137824,0.242061317,0.044957523,0.039171518,-15.51934783,0.706881035,0,0,1,-7.627859999,-14.46081364,-8.159812673,-15.45653405,-8.19328616,-15.5772316,0.031492125,31.49212526,-8.19328616,-15.5772316,31.49212526,no correction,no correction,no correction
32,5585,acf,Water,Mono Basin,MB_24_05_355,1,02 1,3/22/25 13:40,Data_3353,IPL-17O-5585,Data_3353 IPL-17O-5585 MB_24_05_355-R32-02 1,0,0,0,,2.5,-8.112764725,-8.145852635,0.004364447,-15.31590979,-15.43440989,0.00143004,0.003515785,0.00444201,-18.22504674,0.004319952,-34.90729176,0.001401588,-47.36733605,0.139396223,356.6500548,0.130287209,0.014534075,0.169815527,-15.68036376,0.161015929,0,0,1,-7.708487754,-14.61332402,-8.246063256,-15.61954575,-8.280250103,-15.74281616,0.031956831,31.95683074,-8.280250103,-15.74281616,31.95683074,no correction,no correction,no correction
32,5586,acf,Water,Mono Basin,MB_24_05_355,1,03 1,3/22/25 17:08,Data_3354,IPL-17O-5586,Data_3354 IPL-17O-5586 MB_24_05_355-R32-03 1,0,0,0,,2.5,-8.127697932,-8.160908194,0.004800848,-15.35975308,-15.47893613,0.001524726,0.011970081,0.005034031,-18.23982771,0.004751904,-34.95026275,0.00149439,-47.20820529,0.146409545,354.5809256,0.08670979,0.001803565,0.003521334,-15.72623875,0.045874996,0,0,1,-7.721892955,-14.65439077,-8.260403311,-15.66344022,-8.294709495,-15.78740811,0.041041986,41.04198611,-8.294709495,-15.78740811,41.04198611,no correction,no correction,no correction
32,5587,acf,Water,Mono Basin,MB_24_08_375,1,01 1,3/23/25 11:24,Data_3355,IPL-17O-5587,Data_3355 IPL-17O-5587 MB_24_08_375-R32-01 1,0,0,1,,2.5,-7.92307832,-7.954633023,0.004120103,-14.96369584,-15.07678173,0.003538241,0.005907731,0.003519476,-18.03729419,0.004078099,-34.56208551,0.003467844,-46.40738722,0.142608607,400.5674127,0.175150947,0.082002599,0.077870486,-15.31190454,0.414334209,0,0,1,-7.50911166,-14.24326179,-8.032783047,-15.22400235,-8.06521967,-15.34107722,0.034869105,34.86910505,-8.06521967,-15.34107722,34.86910505,no correction,no correction,no correction
32,5588,acf,Water,Mono Basin,MB_24_08_375,1,02 1,3/23/25 13:27,Data_3356,IPL-17O-5588,Data_3356 IPL-17O-5588 MB_24_08_375-R32-02 1,0,0,0,,2.5,-7.972233794,-8.004182273,0.003959693,-15.06046634,-15.1750269,0.001750983,0.008231931,0.004169828,-18.08594852,0.003919324,-34.65693065,0.001716145,-47.81020719,0.159779005,406.4082596,0.122973221,0.000952264,0.00179479,-15.41312489,0.101220342,0,0,1,-7.557381336,-14.33844398,-8.084418959,-15.32573845,-8.117275076,-15.44439143,0.037363602,37.3636016,-8.117275076,-15.44439143,37.3636016,no correction,no correction,no correction
32,5589,acf,Water,Mono Basin,MB_24_08_375,1,03 1,3/23/25 15:23,Data_3357,IPL-17O-5589,Data_3357 IPL-17O-5589 MB_24_08_375-R32-03 1,0,0,0,,2.5,-8.104924077,-8.137947892,0.00427215,-15.29525621,-15.41343528,0.00125073,0.000345934,0.004282666,-18.21728603,0.004228596,-34.88704912,0.001225846,-48.08989712,0.141241245,392.4811527,0.093966735,0.018452863,0.021582527,-15.65875382,0.245628937,0,0,1,-7.689269828,-14.57183681,-8.225505108,-15.57520188,-8.259521237,-15.69776968,0.028901154,28.90115376,-8.259521237,-15.69776968,28.90115376,no correction,no correction,no correction
32,5590,acf,Water,Mono Basin,MB_24_08_383,1,01 1,3/23/25 17:19,Data_3358,IPL-17O-5590,Data_3358 IPL-17O-5590 MB_24_08_383-R32-01 1,0,0,0,,2.5,-7.890809519,-7.922106893,0.003076254,-14.90272889,-15.01489033,0.00142997,0.005755199,0.003202219,-18.00535437,0.003044892,-34.50233155,0.001401519,-47.28222013,0.150655787,376.404158,0.140550748,0.01605015,0.018354196,-15.24813937,0.410614455,0,0,1,-7.474208078,-14.17745131,-7.995445354,-15.1536604,-8.027580331,-15.26965038,0.03479507,34.79506983,-8.027580331,-15.26965038,34.79506983,no correction,no correction,no correction
32,5591,acf,Water,Mono Basin,MB_24_08_383,1,02 1,3/24/25 11:18,Data_3359,IPL-17O-5591,Data_3359 IPL-17O-5591 MB_24_08_383-R32-02 1,0,0,0,,2.5,-7.946404238,-7.978145538,0.004303618,-14.99835468,-15.11196759,0.002760936,0.000973347,0.004082394,-18.0603823,0.004259742,-34.59605477,0.002706004,-46.30128112,0.125004741,344.7593354,0.153835644,0.023579972,0.019514472,-15.34815593,0.100016566,0,0,1,-7.521868522,-14.25857971,-8.046429548,-15.24037501,-8.078976773,-15.35770313,0.02989048,29.89047978,-8.078976773,-15.35770313,29.89047978,no correction,no correction,no correction
32,5592,acf,Water,Mono Basin,MB_24_08_383,1,03 1,3/24/25 13:16,Data_3360,IPL-17O-5592,Data_3360 IPL-17O-5592 MB_24_08_383-R32-03 1,0,0,0,,2.5,-7.916411276,-7.947912719,0.003881158,-14.95261927,-15.06553676,0.001586011,0.006690688,0.004122039,-18.03069512,0.003841589,-34.55122932,0.001554456,-47.1853632,0.14791948,400.4594404,0.116751108,0.002676668,0.000999281,-15.30031929,0.047836647,0,0,1,-7.490992359,-14.21121656,-8.01340014,-15.1897506,-8.045679994,-15.30629657,0.036044596,36.04459605,-8.045679994,-15.30629657,36.04459605,no correction,no correction,no correction
32,5593,acf,Water,Mono Basin,MB_24_11_415,1,01 1,3/24/25 15:15,Data_3361,IPL-17O-5593,Data_3361 IPL-17O-5593 MB_24_11_415-R32-01 1,0,0,1,,2.5,-7.790749731,-7.821256384,0.00327855,-14.7043917,-14.81357293,0.001567129,0.000310124,0.003718499,-17.90631469,0.003245125,-34.3079405,0.001535949,-46.6464823,0.12393727,363.5582397,0.103883207,0.012461601,0.015497944,-15.04072717,0.259592113,0,0,1,-7.364402517,-13.96120115,-7.877982159,-14.92252002,-7.909177406,-15.03498102,0.029292574,29.2925736,-7.909177406,-15.03498102,29.2925736,no correction,no correction,no correction
32,5594,acf,Water,Mono Basin,MB_24_11_415,1,02 1,3/24/25 17:14,Data_3362,IPL-17O-5594,Data_3362 IPL-17O-5594 MB_24_11_415-R32-02 1,0,0,0,,2.5,-7.931020296,-7.962638349,0.003375303,-14.97167367,-15.08488056,0.001248393,0.002178587,0.003484709,-18.0451552,0.003340892,-34.56990461,0.001223555,-46.74130341,0.113580774,361.5582521,0.1303209,0.02198582,0.017461237,-15.32024883,0.279521657,0,0,1,-7.503857099,-14.22708056,-8.027162043,-15.20670694,-8.059553164,-15.32351459,0.03126254,31.26253978,-8.059553164,-15.32351459,31.26253978,no correction,no correction,no correction
32,5595,acf,Water,Mono Basin,MB_24_11_415,1,03 1,3/24/25 22:00,Data_3363,IPL-17O-5595,Data_3363 IPL-17O-5595 MB_24_11_415-R32-03 1,0,0,0,potentially run another replicate?,2.5,-7.990122776,-8.02221516,0.003842063,-15.10549029,-15.22074034,0.001668754,0.014335739,0.003880304,-18.10365513,0.003802893,-34.70105879,0.001635552,-47.14338493,0.131657753,359.2097857,0.093592181,0.043012075,0.038295832,-15.46022269,0.139973858,0,0,1,-7.560875568,-14.3571368,-8.088156873,-15.34571839,-8.121043461,-15.46468255,0.044308927,44.30892713,-8.121043461,-15.46468255,44.30892713,no correction,no correction,no correction
32,5596,jnl,Water,Lake Erie,LE23_W220,1,01 1,3/25/25 11:16,Data_3364,IPL-17O-5596,Data_3364 IPL-17O-5596 LE23_W220-R32-01 1,0,0,2,,2.5,-5.454839765,-5.469771945,0.003309139,-10.28534863,-10.33860844,0.002242893,-0.010986687,0.003139476,-15.59421931,0.003275403,-29.9768192,0.002198269,-40.99821478,0.128761938,420.6747655,0.213734226,0.078111984,0.072797466,-10.43061097,5.029611719,0,0,1,-5.018608944,-9.52253159,-5.368597334,-10.17821939,-5.383060039,-10.23037164,0.018576188,18.5761877,-5.383060039,-10.23037164,18.5761877,no correction,no correction,no correction
32,5597,jnl,Water,Lake Erie,LE23_W220,1,02 1,3/25/25 13:11,Data_3365,IPL-17O-5597,Data_3365 IPL-17O-5597 LE23_W220-R32-02 1,0,0,0,,2.5,-5.404025306,-5.418680083,0.003286336,-10.1855641,-10.23779194,0.001320269,-0.01312594,0.003221687,-15.5439229,0.003252832,-29.87901999,0.001294001,-41.31047762,0.145386293,396.8271714,0.084959574,0.004041693,0.003078333,-10.32675687,0.103854099,0,0,1,-4.966918585,-9.4211038,-5.313302186,-10.06980764,-5.327467977,-10.12085111,0.016341407,16.34140701,-5.327467977,-10.12085111,16.34140701,no correction,no correction,no correction
32,5598,jnl,Water,Lake Erie,LE23_W220,1,03 1,3/25/25 15:16,Data_3366,IPL-17O-5598,Data_3366 IPL-17O-5598 LE23_W220-R32-03 1,0,0,0,,2.5,-5.50216535,-5.517358331,0.003996699,-10.39109413,-10.44545852,0.00142049,-0.002156231,0.00400528,-15.64106241,0.003955953,-30.08046078,0.001392228,-41.95531381,0.114443501,441.963283,0.094872102,0.064102464,0.071243774,-10.54068091,0.213924044,0,0,1,-5.064176888,-9.625095651,-5.417343102,-10.28784565,-5.432070116,-10.34113131,0.028047214,28.04721443,-5.432070116,-10.34113131,28.04721443,no correction,no correction,no correction
32,5599,jnl,Water,Lake Erie,IPL24W-2739,1,01 1,3/25/25 17:10,Data_3367,IPL-17O-5599,Data_3367 IPL-17O-5599 IPL24W-2739-R32-01 1,0,0,0,1 per mil diff in d18O (original was -8.8),2.5,-5.198771105,-5.212332096,0.004277185,-9.804911694,-9.853296405,0.001283045,-0.009791594,0.004265836,-15.34076126,0.004233579,-29.50594109,0.001257518,-40.89884228,0.163878698,398.5805993,0.090034705,0.000477882,1.50E-05,-9.930679153,0.610001761,0,0,1,-4.759807067,-9.036914242,-5.091747099,-9.659164148,-5.104754215,-9.706116465,0.020075279,20.07527895,-5.104754215,-9.706116465,20.07527895,no correction,no correction,no correction
32,5600,jnl,Water,Lake Erie,IPL24W-2739,1,02 1,3/25/25 19:26,Data_3368,IPL-17O-5600,Data_3368 IPL-17O-5600 IPL24W-2739-R32-02 1,0,0,0,,2.5,-5.2167923,-5.230447636,0.004297657,-9.844499831,-9.893277345,0.00131106,-0.006797198,0.004273902,-15.35859873,0.004253843,-29.54474158,0.001284975,-41.17143282,0.117833571,362.0268962,0.082175699,0.019816858,0.015496123,-9.971864226,0.041185073,0,0,1,-4.776832561,-9.074691122,-5.109959919,-9.69954221,-5.123060412,-9.746889181,0.023297076,23.29707568,-5.123060412,-9.746889181,23.29707568,no correction,no correction,no correction
32,5601,jnl,Water,Lake Erie,IPL24W-2739,1,03 1,3/26/25 11:05,Data_3369,IPL-17O-5601,Data_3369 IPL-17O-5601 IPL24W-2739-R32-03 1,0,0,1,,2.5,-5.161745243,-5.175113383,0.004325253,-9.75575079,-9.803650292,0.004769465,0.001213972,0.003834673,-15.30867192,0.006169748,-29.4577583,0.004674571,-40.73127704,0.153035427,421.5799004,0.15769797,0.991633678,0.991622869,-9.879537521,0.092326706,0,0,1,-4.719426406,-8.973130706,-5.048550367,-9.590988704,-5.061337353,-9.63727845,0.027145669,27.14566924,-5.061337353,-9.63727845,27.14566924,no correction,no correction,no correction
32,5602,jnl,Water,Lake Erie,LE23_W228,1,01 1,3/26/25 12:59,Data_3370,IPL-17O-5602,Data_3370 IPL-17O-5602 LE23_W228-R32-01 1,0,0,0,,2.5,-4.807389215,-4.818982134,0.003601332,-9.075637117,-9.117071638,0.001414472,-0.005168309,0.003663614,-14.95336951,0.003564617,-28.79117624,0.001386329,-39.80836596,0.130124495,433.9108878,0.104917188,0.054593313,0.051317124,-9.172289825,0.707247695,0,0,1,-4.359453912,-8.290920412,-4.663474065,-8.861803825,-4.674381986,-8.901303139,0.025506071,25.50607138,-4.674381986,-8.901303139,25.50607138,no correction,no correction,no correction
32,5603,jnl,Water,Lake Erie,LE23_W228,1,02 1,3/26/25 15:25,Data_3371,IPL-17O-5603,Data_3371 IPL-17O-5603 LE23_W228-R32-02 1,0,0,0,,2.5,-4.898656667,-4.910694787,0.004355685,-9.236245112,-9.27916375,0.001593434,-0.011296328,0.004468258,-15.04370649,0.004311279,-28.94858876,0.001561731,-39.59689606,0.128283217,430.9171618,0.264837466,0.000295646,0.001133311,-9.339260377,0.166970552,0,0,1,-4.449687803,-8.449682741,-4.760000699,-9.031497966,-4.771365581,-9.07252918,0.018929826,18.92982602,-4.771365581,-9.07252918,18.92982602,no correction,no correction,no correction
32,5604,jnl,Water,Lake Erie,LE23_W228,1,03 1,3/26/25 18:19,Data_3372,IPL-17O-5604,Data_3372 IPL-17O-5604 LE23_W228-R32-03 1,0,0,0,get another replicate cuz whatttt??,2.5,-4.924638925,-4.936805115,0.003164735,-9.270585311,-9.313824665,0.00132077,-0.019105692,0.003280129,-15.06942386,0.003132471,-28.98224572,0.001294491,-40.53964389,0.118951928,364.637574,0.094139001,0.000217534,0.000525793,-9.374964597,0.035704219,0,0,1,-4.47439634,-8.481690368,-4.786432363,-9.065709525,-4.797924014,-9.107053132,0.010600039,10.60003931,-4.797924014,-9.107053132,10.60003931,no correction,no correction,no correction
32,5605,jnl,Water,Lake Erie,LE23_W216,1,01 1,3/26/25 20:35,Data_3373,IPL-17O-5605,Data_3373 IPL-17O-5605 LE23_W216-R32-01 1,0,0,0,,2.5,-4.594165198,-4.604751136,0.004075481,-8.65967101,-8.697383875,0.001343303,-0.01253245,0.003929987,-14.74231931,0.004033931,-28.38348624,0.001316576,-39.80764989,0.149818832,431.6420222,0.10724871,0.009363561,0.011493065,-8.739974598,0.634989999,0,0,1,-4.14276582,-7.868439933,-4.431674551,-8.410232837,-4.44152353,-8.445798395,0.017858023,17.85802293,-4.44152353,-8.445798395,17.85802293,no correction,no correction,no correction
32,5606,jnl,Water,Lake Erie,LE23_W216,1,02 1,3/27/25 12:53,Data_3374,IPL-17O-5606,Data_3374 IPL-17O-5606 LE23_W216-R32-02 1,0,0,1,,2.5,-4.623139892,-4.633859977,0.004043442,-8.720125553,-8.758368457,0.002509097,-0.009441432,0.003840549,-14.77099861,0.004002219,-28.44273797,0.002459176,-39.25597754,0.121204817,478.0549532,0.242946708,0.132206523,0.124542384,-8.802793638,0.062819041,0,0,1,-4.164515368,-7.915651113,-4.454940872,-8.460694812,-4.464893691,-8.496689662,0.02135845,21.3584503,-4.464893691,-8.496689662,21.3584503,no correction,no correction,no correction
32,5607,jnl,Water,Lake Erie,LE23_W216,1,03 1,3/27/25 14:49,Data_3375,IPL-17O-5607,Data_3375 IPL-17O-5607 LE23_W216-R32-03 1,0,0,0,,2.5,-4.586727158,-4.597278817,0.004216614,-8.664233676,-8.701986418,0.001511999,-0.002629988,0.004428231,-14.7349571,0.004173626,-28.38795813,0.001481916,-39.49044578,0.111320662,461.9366928,0.109220628,0.005831846,0.0079996,-8.744715581,0.058078057,0,0,1,-4.127227805,-7.858138202,-4.415052944,-8.399221766,-4.424828073,-8.434693995,0.028690356,28.69035644,-4.424828073,-8.434693995,28.69035644,no correction,no correction,no correction
32,5608,jnl,Water,Lake Erie,LE23_W236,1,01 1,3/27/25 16:45,Data_3376,IPL-17O-5608,Data_3376 IPL-17O-5608 LE23_W236-R36-01 1,0,0,0,,2.5,-4.016507895,-4.024595996,0.003699002,-7.550619491,-7.579269763,0.001337856,-0.022741561,0.003721728,-14.17055122,0.003661291,-27.29650053,0.001311238,-38.21131526,0.118767549,424.3279786,0.095878858,0.00069549,0.000236055,-7.588245557,1.156470024,0,0,1,-3.55588801,-6.742043309,-3.803868982,-7.206276531,-3.81112209,-7.232367162,0.007567771,7.567771209,-3.81112209,-7.232367162,7.567771209,no correction,no correction,no correction
32,5609,jnl,Water,Lake Erie,LE23_W236,1,02 1,3/28/25 9:22,Data_3377,IPL-17O-5609,Data_3377 IPL-17O-5609 LE23_W236-R36-02 1,0,0,0,sat expanded cold finger overnight bc of file save error on MS computer. Started sequence in AM. Potentially flag?,2.5,-3.984887188,-3.992848349,0.004174585,-7.474051384,-7.502122232,0.00293613,-0.031727811,0.004395355,-14.13925288,0.004132025,-27.22145583,0.002877712,-38.69889035,0.143583497,433.2032221,0.18504307,0.020707823,0.015692873,-7.508779955,0.079465602,0,0,1,-3.516863994,-6.651836472,-3.762123504,-7.109858371,-3.76921809,-7.135253858,-0.001804053,-1.804053249,-3.76921809,-7.135253858,-1.804053249,no correction,no correction,no correction
32,5610,jnl,Water,Lake Erie,LE23_W236,1,03 1,3/28/25 11:45,Data_3378,IPL-17O-5610,Data_3378 IPL-17O-5610 LE23_W236-R36-03 1,0,0,1,manually transferred sample and started run. Error between 2 computers at cold finger cooling step,2.5,-4.030700254,-4.038845684,0.003656644,-7.571180803,-7.599987748,0.001766275,-0.026052153,0.003689075,-14.18459889,0.003619364,-27.31665275,0.001731133,-38.69568665,0.141131833,437.4993846,0.119001949,0.06966647,0.06785192,-7.609586028,0.100806073,0,0,1,-3.561643084,-6.747107003,-3.810025404,-7.211688893,-3.817302039,-7.237818825,0.0042663,4.266300471,-3.817302039,-7.237818825,4.266300471,no correction,no correction,no correction
32,5612,jnl,Water,Lake Erie,LE23_W206,1,02 1,3/28/25 19:15,Data_3379,IPL-17O-5612,Data_3379 IPL-17O-5612 LE23_W206-R32-02 1,0,0,0,,2.5,-4.052789728,-4.061024739,0.00320553,-7.6173932,-7.646553763,0.001493284,-0.023644352,0.003270426,-14.20646316,0.00317285,-27.3619457,0.001463573,-38.12726338,0.131961856,344.6492333,0.099587368,0.050940835,0.045774921,-7.657551277,0.047965248,0,0,1,-3.58041114,-6.787236116,-3.830102309,-7.254581155,-3.837455934,-7.281023592,0.006924523,6.924522955,-3.837455934,-7.281023592,6.924522955,no correction,no correction,no correction
32,5613,jnl,Water,Lake Erie,LE23_W206,1,03 1,3/28/25 22:02,Data_3380,IPL-17O-5613,Data_3380 IPL-17O-5613 LE23_W206-R32-03 1,0,0,0,,2.5,-4.146043844,-4.154662793,0.003767476,-7.805593375,-7.836216515,0.00138458,-0.017140474,0.003818273,-14.29876655,0.003729067,-27.54640143,0.001357032,-38.40620433,0.163807642,418.6883522,0.083671639,0.096679913,0.086839139,-7.852913716,0.195362439,0,0,1,-3.672469744,-6.973316118,-3.928580908,-7.453473966,-3.936318052,-7.481389904,0.013855817,13.85581672,-3.936318052,-7.481389904,13.85581672,no correction,no correction,no correction
32,5614,jnl,Water,Lake Erie,LE23_W206,1,04 1,3/29/25 10:46,Data_3381,IPL-17O-5614,Data_3381 IPL-17O-5614 LE23_W206-R32-04 1,0,0,1,get another replicate cuz whatttt??,2.5,-3.926028812,-3.933756233,0.004207412,-7.355243379,-7.382426701,0.002739837,-0.035834935,0.003919435,-14.08099457,0.004164518,-27.10501164,0.002685324,-38.08603652,0.162636223,428.924763,0.194045778,0.1837671,0.405811823,-7.38548851,0.467425206,0,0,1,-3.446695609,-6.512197691,-3.687061707,-6.960604558,-3.693875673,-6.98494257,-0.005825997,-5.825996534,-3.693875673,-6.98494257,-5.825996534,no correction,no correction,no correction
32,5615,jnl,Water,Lake Erie,IPL24W-2736,1,01 1,3/29/25 12:38,Data_3382,IPL-17O-5615,Data_3382 IPL-17O-5615 IPL24W-2736-R32-01 1,0,0,0,,2.5,-3.728905858,-3.735875841,0.003786672,-7.036646026,-7.061520018,0.001473,-0.007393272,0.003890769,-13.88588128,0.003748067,-26.79275314,0.001443693,-37.70896084,0.151533423,415.8362567,0.097889387,0.041602374,0.048363124,-7.054943311,0.330545199,0,0,1,-3.248645512,-6.191800153,-3.475199967,-6.618145581,-3.481252501,-6.640142613,0.024742799,24.74279888,-3.481252501,-6.640142613,24.74279888,no correction,no correction,no correction
32,5616,jnl,Water,Lake Erie,IPL24W-2736,1,02 1,3/29/25 14:29,Data_3383,IPL-17O-5616,Data_3383 IPL-17O-5616 IPL24W-2736-R32-02 1,0,0,0,,2.5,-3.766532288,-3.773643908,0.004368762,-7.10611328,-7.131481993,0.001350585,-0.008221416,0.004425459,-13.92312411,0.004324222,-26.86083826,0.001323714,-37.96080612,0.152703578,409.3813566,0.082132016,0.059160607,0.053149594,-7.12700637,0.072063059,0,0,1,-3.285471774,-6.259822648,-3.514594424,-6.690851863,-3.52078512,-6.71333596,0.023856267,23.85626663,-3.52078512,-6.71333596,23.85626663,no correction,no correction,no correction
32,5617,jnl,Water,Lake Erie,IPL24W-2736,1,03 1,3/29/25 16:19,Data_3384,IPL-17O-5617,Data_3384 IPL-17O-5617 IPL24W-2736-R32-03 1,0,0,0,,2.5,-3.719346621,-3.726280971,0.004410004,-7.008320445,-7.032994106,0.001317699,-0.012860083,0.004401128,-13.8764195,0.004365045,-26.76499113,0.001291482,-37.97541521,0.129332246,359.676565,0.085376432,0.094447385,0.084369421,-7.025560769,0.101445601,0,0,1,-3.237443989,-6.160440627,-3.463217271,-6.584626748,-3.46922809,-6.606401039,0.018951659,18.95165872,-3.46922809,-6.606401039,18.95165872,no correction,no correction,no correction
32,5618,jnl,Water,Lake Erie,LE23_W218,1,01 1,3/29/25 18:10,Data_3385,IPL-17O-5618,Data_3385 IPL-17O-5618 LE23_W218-R32-01 1,0,0,0,,2.5,-3.665588158,-3.672323146,0.003616034,-6.888650892,-6.912487235,0.001697366,-0.022529886,0.003653428,-13.8232091,0.003579169,-26.64770253,0.001663595,-37.6431458,0.120598475,388.9352272,0.098305233,0.015979764,0.012403568,-6.90143531,0.12412546,0,0,1,-3.182840763,-6.039164008,-3.404806118,-6.454999451,-3.410615661,-6.47592305,0.00867171,8.671709773,-3.410615661,-6.47592305,8.671709773,no correction,no correction,no correction
32,5619,jnl,Water,Lake Erie,LE23_W218,1,02 1,3/30/25 10:43,Data_3386,IPL-17O-5619,Data_3386 IPL-17O-5619 LE23_W218-R32-02 1,0,0,1,,2.5,-3.618003575,-3.624564686,0.003948382,-6.784326572,-6.807444874,0.002650487,-0.030233792,0.004143849,-13.77610965,0.003908129,-26.54545386,0.002597753,-37.57497181,0.12614595,405.8379631,0.208557159,9.86E-05,2.90E-06,-6.793239032,0.108196278,0,0,1,-3.127876209,-5.921227562,-3.346008439,-6.328942319,-3.351618843,-6.349054981,0.000682187,0.682186522,-3.351618843,-6.349054981,0.682186522,no correction,no correction,no correction
32,5620,jnl,Water,Lake Erie,LE23_W218,1,03 1,3/30/25 12:39,Data_3387,IPL-17O-5620,Data_3387 IPL-17O-5620 LE23_W218-R32-03 1,0,0,0,,2.5,-3.731642793,-3.738623018,0.003745967,-7.007168504,-7.031834043,0.001468906,-0.025814644,0.003674853,-13.88859031,0.003707777,-26.7638621,0.00143968,-38.03199932,0.104854603,396.5327416,0.071921165,0.048107125,0.040979828,-7.024365862,0.231126829,0,0,1,-3.240712486,-6.142684653,-3.466713706,-6.565648161,-3.472736682,-6.587296839,0.005356049,5.356049015,-3.472736682,-6.587296839,5.356049015,no correction,no correction,no correction
32,5621,jnl,Water,Lake Erie,LE23_W230,1,01 1,3/30/25 14:50,Data_3388,IPL-17O-5621,Data_3388 IPL-17O-5621 LE23_W230-R32-01 1,0,0,0,,2.5,-3.578350319,-3.584768204,0.00374698,-6.725382974,-6.748100315,0.001431636,-0.021771238,0.003608576,-13.73686065,0.00370878,-26.48768301,0.001403152,-38.365532,0.135501859,405.3906403,0.078936842,0.001087495,0.000494606,-6.732112941,0.29225292,0,0,1,-3.086376228,-5.858874005,-3.301614327,-6.262295317,-3.307076682,-6.281985736,0.009811787,9.811786879,-3.307076682,-6.281985736,9.811786879,no correction,no correction,no correction
32,5622,jnl,Water,Lake Erie,LE23_W230,1,02 1,3/30/25 16:40,Data_3389,IPL-17O-5622,Data_3389 IPL-17O-5622 LE23_W230-R32-02 1,0,0,0,,2.5,-3.586134051,-3.59257998,0.00413614,-6.730982136,-6.753737397,0.001306519,-0.026606635,0.00439057,-13.74456503,0.004093972,-26.49317077,0.001280524,-37.99770455,0.130367932,394.1109275,0.065922374,0.073312667,0.080173454,-6.737919262,0.00580632,0,0,1,-3.093344714,-5.862972419,-3.309068782,-6.266675933,-3.314555858,-6.286393968,0.004660157,4.660157028,-3.314555858,-6.286393968,4.660157028,no correction,no correction,no correction
32,5623,jnl,Water,Lake Erie,LE23_W230,1,03 1,3/31/25 11:34,Data_3390,IPL-17O-5623,Data_3390 IPL-17O-5623 LE23_W230-R32-03 1,0,0,1,,2.5,-3.602915835,-3.609422366,0.004501267,-6.756738034,-6.779668233,0.00222449,-0.029757539,0.004233986,-13.76117572,0.004455377,-26.51841422,0.002180232,-36.96854087,0.126717162,416.3756996,0.195551806,0.026130317,0.031702653,-6.764628514,0.026709252,0,0,1,-3.101733697,-5.87330813,-3.318042797,-6.277723325,-3.323559708,-6.297511088,0.001526146,1.526146309,-3.323559708,-6.297511088,1.526146309,no correction,no correction,no correction
32,5624,jnl,Water,Lake Erie,LE23_W223,1,01 1,3/31/25 13:29,Data_3391,IPL-17O-5624,Data_3391 IPL-17O-5624 LE23_W223-R32-01 1,0,0,0,,2.5,-3.65883497,-3.665545178,0.003903525,-6.880442033,-6.904221455,0.001475413,-0.02011625,0.003761543,-13.81652476,0.003863728,-26.639657,0.001446058,-37.30993556,0.140514829,432.5553807,0.096365263,0.052505645,0.047178947,-6.892921357,0.128292844,0,0,1,-3.156832283,-5.995562236,-3.376983856,-6.408395416,-3.382698735,-6.429017331,0.011822415,11.82241542,-3.382698735,-6.429017331,11.82241542,no correction,no correction,no correction
32,5625,jnl,Water,Lake Erie,LE23_W223,1,02 1,3/31/25 15:23,Data_3392,IPL-17O-5625,Data_3392 IPL-17O-5625 LE23_W223-R32-02 1,0,0,0,,2.5,-3.60777684,-3.614300906,0.004179888,-6.76189111,-6.784856314,0.001325244,-0.031896772,0.004175718,-13.76598717,0.004137274,-26.52346477,0.001298877,-37.17303338,0.126927433,420.5529509,0.089493109,0.000229816,6.46E-06,-6.769972416,0.122948941,0,0,1,-3.104906375,-5.875357827,-3.321436732,-6.279914157,-3.326964947,-6.299715763,-0.000715024,-0.715024389,-3.326964947,-6.299715763,-0.715024389,no correction,no correction,no correction
32,5626,jnl,Water,Lake Erie,LE23_W223,1,03 1,3/31/25 17:35,Data_3393,IPL-17O-5626,Data_3393 IPL-17O-5626 LE23_W223-R32-03 1,0,0,0,get another replicate cuz whatttt??,2.5,-3.66758017,-3.674322592,0.004277548,-6.880757462,-6.904539084,0.001701195,-0.028725955,0.004548514,-13.82518081,0.004233939,-26.63996615,0.001667348,-37.93749259,0.124040781,386.3916959,0.129092921,0.08089671,0.086925656,-6.893248509,0.123276092,0,0,1,-3.163757754,-5.992525032,-3.384392296,-6.405149081,-3.390132306,-6.425750063,0.002663727,2.663727303,-3.390132306,-6.425750063,2.663727303,no correction,no correction,no correction
32,5627,jnl,Water,Lake Erie,LE23_W209,1,01 1,3/31/25 19:25,Data_3394,IPL-17O-5627,Data_3394 IPL-17O-5627 LE23_W209-R32-01 1,0,0,0,,2.5,-3.608961382,-3.615489771,0.00437811,-6.769630357,-6.792648271,0.001139774,-0.028971484,0.004423845,-13.76715964,0.004333475,-26.53105004,0.001117097,-37.66001184,0.158101154,414.9873205,0.095135081,0.047987531,0.04180774,-6.777998314,0.115250194,0,0,1,-3.104291838,-5.879795847,-3.320779339,-6.284657763,-3.326305364,-6.304489358,0.002465018,2.465017528,-3.326305364,-6.304489358,2.465017528,no correction,no correction,no correction
32,5628,jnl,Water,Lake Erie,LE23_W209,1,02 1,4/1/25 10:51,Data_3395,IPL-17O-5628,Data_3395 IPL-17O-5628 LE23_W209-R32-02 1,0,0,1,,2.5,-3.440062317,-3.445993317,0.0044063,-6.450197257,-6.471089778,0.00235552,-0.029257914,0.003823344,-13.5999825,0.004361377,-26.21797242,0.002308654,-36.79256323,0.114788743,416.8518851,0.137362137,0.035758731,0.031136334,-6.446787406,0.331210908,0,0,1,-2.928448443,-5.547466855,-3.132672954,-5.929445773,-3.137590046,-5.947094737,0.002475976,2.475975606,-3.137590046,-5.947094737,2.475975606,no correction,no correction,no correction
32,5629,jnl,Water,Lake Erie,LE23_W209,1,03 1,4/1/25 12:44,Data_3396,IPL-17O-5629,Data_3396 IPL-17O-5629 LE23_W209-R32-03 1,0,0,0,,2.5,-3.455009944,-3.460992589,0.004007685,-6.468849986,-6.489863703,0.00133176,-0.034344554,0.004176492,-13.61477773,0.003966827,-26.23625403,0.001305263,-37.63736783,0.125452559,465.3453599,0.121988445,0.001736309,0.000659768,-6.466124863,0.019337457,0,0,1,-2.942568214,-5.564600424,-3.147777411,-5.947759099,-3.152742083,-5.965517468,-0.00294886,-2.948860032,-3.152742083,-5.965517468,-2.948860032,no correction,no correction,no correction
32,5631,jnl,WaterStd,USGS45,USGS45,1,02 1,4/1/25 15:49,Data_3397,IPL-17O-5631,Data_3397 IPL-17O-5631 USGS45-R32-02 1,0,0,2,,2.5,-1.528218557,-1.529387721,0.003553402,-2.866236335,-2.870351883,0.001161035,-0.013841927,0.003487748,-11.70762997,0.003517175,-22.70531837,0.001137935,-32.49531806,0.1190029,412.405441,0.140051103,0.01401013,0.011909929,-2.738183084,3.727941779,0,0,1,-1.013409555,-1.956172986,-1.08408284,-2.09086813,-1.084670883,-2.093057046,0.020463238,20.4632377,-1.084670883,-2.093057046,20.4632377,no correction,no correction,no correction
32,5632,jnl,WaterStd,USGS45,USGS45,1,03 1,4/1/25 17:57,Data_3398,IPL-17O-5632,Data_3398 IPL-17O-5632 USGS45-R32-03 1,0,0,0,,2.5,-1.751941598,-1.7534784,0.004330592,-3.302307625,-3.307772321,0.001514877,-0.006974615,0.004498395,-11.92907216,0.004286442,-23.13271354,0.001484737,-33.01581802,0.137960605,399.8799121,0.093983638,0.027833816,0.14411643,-3.188685875,0.450502792,0,0,1,-1.236298788,-2.390894677,-1.322515951,-2.555523216,-1.323391247,-2.558794139,0.027652058,27.65205829,-1.323391247,-2.558794139,27.65205829,no correction,no correction,no correction
32,5633,jnl,WaterStd,USGS45,USGS45,1,04 1,4/1/25 19:47,Data_3399,IPL-17O-5633,Data_3399 IPL-17O-5633 USGS45-R32-04 1,0,0,0,,2.5,-1.741655706,-1.74317444,0.003842665,-3.275393795,-3.280769691,0.001616284,-0.010928044,0.003961318,-11.91889113,0.003803489,-23.10633519,0.001584126,-33.42082175,0.151779815,401.0310952,0.119207045,0.002302277,0.003843621,-3.160875472,0.027810403,0,0,1,-1.225189289,-2.362449566,-1.310631696,-2.525119475,-1.311491325,-2.528312967,0.023457921,23.45792109,-1.311491325,-2.528312967,23.45792109,no correction,no correction,no correction
32,5634,acf,Water,Mono Basin,MB_24_08_402,1,01 1,4/2/25 11:06,Data_3400,IPL-17O-5634,Data_3400 IPL-17O-5634 MB_24_08_402-R32-01 1,0,0,2,,2.5,-3.988413259,-3.996388542,0.004220271,-7.475815681,-7.503899742,0.002210605,-0.034329478,0.003785778,-14.14274301,0.004177245,-27.22318502,0.002166623,-38.15248631,0.138778209,399.4792709,0.178195688,0.033650985,0.028533429,-7.510610946,4.349735474,0,0,1,-3.466303826,-6.554213009,-3.708037364,-7.005512902,-3.714929177,-7.030166717,-0.00300115,-3.00115019,-3.714929177,-7.030166717,-3.00115019,no correction,no correction,no correction
32,5635,acf,Water,Mono Basin,MB_24_08_402,1,02 1,4/2/25 13:00,Data_3401,IPL-17O-5635,Data_3401 IPL-17O-5635 MB_24_08_402-R32-02 1,0,0,0,,2.5,-4.409391033,-4.419141479,0.004561306,-8.258335178,-8.292624192,0.001648098,-0.040635906,0.004773695,-14.55942892,0.004514804,-27.99013543,0.001615308,-39.9057674,0.090303678,460.9827837,0.141664441,0.004105459,0.006791133,-8.32304175,0.812430804,0,0,1,-3.886658275,-7.335908711,-4.157706546,-7.841033402,-4.16637384,-7.871935949,-0.009991659,-9.99165898,-4.16637384,-7.871935949,-9.99165898,no correction,no correction,no correction
32,5636,acf,Water,Mono Basin,MB_24_08_402,1,03 1,4/2/25 15:00,Data_3402,IPL-17O-5636,Data_3402 IPL-17O-5636 MB_24_08_402-R32-03 1,0,0,0,,2.5,-4.523922132,-4.53418629,0.003598722,-8.488146457,-8.524375976,0.001495308,-0.033315774,0.003691035,-14.67279237,0.003562033,-28.21537436,0.001465557,-39.21421406,0.103913733,608.0215081,0.170011082,0.061260578,0.068358738,-8.561762856,0.238721107,0,0,1,-4.000367731,-7.564314134,-4.279345886,-8.085166013,-4.288528493,-8.118028218,-0.002209594,-2.209593886,-4.288528493,-8.118028218,-2.209593886,no correction,no correction,no correction
32,5637,acf,Water,Mono Basin,MB_24_11_439,1,01 1,4/2/25 17:49,Data_3403,IPL-17O-5637,Data_3403 IPL-17O-5637 MB_24_11_439-R32-01 1,0,0,0,,2.5,-4.306078351,-4.315376437,0.003415782,-8.048085691,-8.080646384,0.001289962,-0.048795146,0.003328465,-14.4571695,0.003380958,-27.78406909,0.001264297,-39.40368801,0.15702469,720.8255433,0.220656223,0.006792666,0.005702714,-8.104690755,0.457072101,0,0,1,-3.781153049,-7.121535258,-4.044843583,-7.611898952,-4.053046089,-7.641017313,-0.018588948,-18.58894764,-4.053046089,-7.641017313,-18.58894764,no correction,no correction,no correction
32,5638,acf,Water,Mono Basin,MB_24_11_439,1,02 1,4/2/25 19:40,Data_3404,IPL-17O-5638,Data_3404 IPL-17O-5638 MB_24_11_439-R32-02 1,0,0,0,,2.5,-4.451967065,-4.461906863,0.003781754,-8.32821515,-8.363088548,0.001699918,-0.04619611,0.003986612,-14.60157089,0.003743199,-28.05862506,0.001666096,-39.72689463,0.117632304,675.3281795,0.146932384,0.001475425,0.000676823,-8.395624952,0.290934196,0,0,1,-3.9263016,-7.400425473,-4.200114522,-7.909992559,-4.208959779,-7.941442506,-0.015878136,-15.87813606,-4.208959779,-7.941442506,-15.87813606,no correction,no correction,no correction
32,5639,acf,Water,Mono Basin,MB_24_11_439,1,03 1,4/3/25 11:08,Data_3405,IPL-17O-5639,Data_3405 IPL-17O-5639 MB_24_11_439-R32-03 1,0,0,1,,2.5,-3.86115174,-3.868625471,0.00350191,-7.221122105,-7.247320731,0.002518426,-0.042040125,0.003635816,-14.01677892,0.003466208,-26.97355886,0.002468319,-38.55286289,0.140334632,563.8078795,0.252743409,0.010955335,0.009442822,-7.246324184,1.149300768,0,0,1,-3.328298878,-6.279660333,-3.560408209,-6.712055501,-3.566761548,-6.734682652,-0.010849107,-10.84910736,-3.566761548,-6.734682652,-10.84910736,no correction,no correction,no correction
32,5640,acf,Water,Mono Basin,MB_23_10_309,1,01 1,4/3/25 13:04,Data_3406,IPL-17O-5640,Data_3406 IPL-17O-5640 MB_23_10_309-R32-01 1,0,0,0,,2.5,-5.22197418,-5.235656826,0.004967134,-9.794092423,-9.842370059,0.001254393,-0.038885435,0.005117536,-15.36372778,0.004916494,-29.49533708,0.001229436,-42.10099915,0.137981807,574.2729003,0.126383276,0.011493664,0.014732476,-9.919423741,2.673099557,0,0,1,-4.688991616,-8.853496313,-5.015993112,-9.463116711,-5.028615432,-9.508176496,-0.008298242,-8.298242128,-5.028615432,-9.508176496,-8.298242128,no correction,no correction,no correction
32,5641,acf,Water,Mono Basin,MB_23_10_309,1,02 1,4/3/25 15:42,Data_3407,IPL-17O-5641,Data_3407 IPL-17O-5641 MB_23_10_309-R32-02 1,0,0,0,this rep off compared to other 3,2.5,-5.698369233,-5.714667317,0.004699951,-10.71579196,-10.77361959,0.001649361,-0.026196172,0.004701951,-15.83526599,0.004652035,-30.39869838,0.001616545,-43.61699311,0.129755451,622.2932114,0.130822987,0.028024839,0.031473567,-10.87873293,0.959309192,0,0,1,-5.164472829,-9.773926307,-5.524633493,-10.44692425,-5.539950722,-10.50187642,0.00504003,5.04002954,-5.539950722,-10.50187642,5.04002954,no correction,no correction,no correction
32,5642,acf,Water,Mono Basin,MB_23_10_309,1,03 1,4/3/25 17:32,Data_3408,IPL-17O-5642,Data_3408 IPL-17O-5642 MB_23_10_309-R32-03 1,0,0,0,get another replicate,2.5,-5.597637412,-5.613363215,0.004021735,-10.49842283,-10.55392007,0.001325175,-0.040893419,0.00418222,-15.73556113,0.003980733,-30.18565405,0.00129881,-43.24861736,0.146147353,575.0761405,0.104751411,0.013333251,0.010656066,-10.65241119,0.226321746,0,0,1,-5.062870398,-9.554851877,-5.4159455,-10.21276513,-5.430664903,-10.26527323,-0.010600639,-10.60063875,-5.430664903,-10.26527323,-10.60063875,no correction,no correction,no correction
32,5643,acf,Water,Mono Basin,MB_22_10_168,1,01 1,4/3/25 19:24,Data_3409,IPL-17O-5643,Data_3409 IPL-17O-5643 MB_22_10_168-R32-01 1,0,0,0,,2.5,-3.16139262,-3.166400732,0.00424057,-5.871640923,-5.888946813,0.001234636,-0.057036815,0.004203127,-13.32415384,0.004197337,-25.6509271,0.001210072,-37.29348709,0.151638126,457.5955992,0.090493662,0.001364101,0.00082993,-5.847178273,4.805232915,0,0,1,-2.624487538,-4.922135327,-2.807514385,-5.261056132,-2.811462845,-5.27494422,-0.026292297,-26.29229728,-2.811462845,-5.27494422,-26.29229728,no correction,no correction,no correction
32,5644,acf,Water,Mono Basin,MB_22_10_168,1,02 1,4/4/25 13:41,Data_3410,IPL-17O-5644,Data_3410 IPL-17O-5644 MB_22_10_168-R32-02 1,0,0,1,,2.5,-4.066497495,-4.074788503,0.004055926,-7.596483026,-7.625483443,0.003019449,-0.048533245,0.003963944,-14.22003117,0.004014576,-27.34145156,0.002959373,-38.50217254,0.102392041,720.8042644,0.378342536,0.000478741,0.000383749,-7.635847688,1.788669415,0,0,1,-3.52195647,-6.633697118,-3.767571119,-7.090470006,-3.774686292,-7.115726847,-0.017582517,-17.58251658,-3.774686292,-7.115726847,-17.58251658,no correction,no correction,no correction
32,5645,acf,Water,Mono Basin,MB_22_10_168,1,03 1,4/4/25 15:32,Data_3411,IPL-17O-5645,Data_3411 IPL-17O-5645 MB_22_10_168-R32-03 1,0,0,0,,2.5,-3.285099409,-3.290507397,0.003212928,-6.120811799,-6.139620805,0.001549765,-0.048787612,0.00337498,-13.44659943,0.003180172,-25.89514045,0.001518931,-37.12454574,0.146097482,638.2270126,0.12697318,0.063672242,0.069767657,-6.105372027,1.530475661,0,0,1,-2.739313324,-5.155090361,-2.930347906,-5.510051624,-2.934649782,-5.525287953,-0.017297742,-17.29774241,-2.934649782,-5.525287953,-17.29774241,no correction,no correction,no correction
32,5646,acf,Water,Mono Basin,MB_24_05_360,1,01 1,4/4/25 17:57,Data_3412,IPL-17O-5646,Data_3412 IPL-17O-5646 MB_24_05_360-R32-01 1,0,0,1,,2.5,-3.224448254,-3.229658322,0.004116195,-5.993253737,-6.011285403,0.001409642,-0.055699629,0.004154426,-13.38656662,0.00407423,-25.7701203,0.001381596,-36.55947597,0.146501192,488.589581,0.100621325,0.008795292,0.006678821,-5.973186555,0.132185472,0,0,1,-2.677551312,-5.025426519,-2.864278726,-5.371459589,-2.868388623,-5.385937747,-0.024613492,-24.61349197,-2.868388623,-5.385937747,-24.61349197,no correction,no correction,no correction
32,5647,acf,Water,Mono Basin,MB_24_05_360,1,02 1,4/4/25 19:58,Data_3413,IPL-17O-5647,Data_3413 IPL-17O-5647 MB_24_05_360-R32-02 1,0,0,0,,2.5,-3.26282879,-3.268163707,0.003807028,-6.065812625,-6.084284443,0.001444177,-0.055661521,0.003991334,-13.42455586,0.003768215,-25.84123554,0.001415443,-36.95915392,0.123840777,516.0220456,0.11566187,0.00144132,0.00206936,-6.048375512,0.075188957,0,0,1,-2.715052677,-5.09640055,-2.904395367,-5.44732064,-2.908621308,-5.462211392,-0.024573692,-24.57369238,-2.908621308,-5.462211392,-24.57369238,no correction,no correction,no correction
32,5648,acf,Water,Mono Basin,MB_24_05_360,1,03 1,4/5/25 11:25,Data_3414,IPL-17O-5648,Data_3414 IPL-17O-5648 MB_24_05_360-R32-03 1,0,0,1,,2.5,-3.219537946,-3.224732221,0.004580643,-5.97646566,-5.994396376,0.002923095,-0.059690935,0.004718465,-13.38170637,0.004533944,-25.75366624,0.002864937,-36.88114391,0.138831083,504.7664264,0.167257746,0.039951074,0.035542452,-5.955790759,0.092584753,0,0,1,-2.664871839,-4.994338945,-2.850715011,-5.338231435,-2.854786038,-5.352530704,-0.028649826,-28.64982608,-2.854786038,-5.352530704,-28.64982608,no correction,no correction,no correction
32,5649,acf,Water,Mono Basin,MB_23_05_199,1,01 1,4/5/25 13:22,Data_3415,IPL-17O-5649,Data_3415 IPL-17O-5649 MB_23_05_199-R32-01 1,0,0,1,"Large jump in d18O, needed more primes?",2.5,-8.128575975,-8.161793171,0.003141935,-15.30908794,-15.42748194,0.001190121,-0.016082706,0.003096692,-18.2406968,0.003109903,-34.90060564,0.001166442,-50.184802,0.133354995,352.199716,0.088779825,0.010789339,0.008863404,-15.67322597,9.717435208,0,0,1,-7.575779125,-14.3346032,-8.104099776,-15.32163321,-8.137116494,-15.44022231,0.015320885,15.32088468,-8.137116494,-15.44022231,15.32088468,no correction,no correction,no correction
32,5650,acf,Water,Mono Basin,MB_23_05_199,1,02 1,4/5/25 15:12,Data_3416,IPL-17O-5650,Data_3416 IPL-17O-5650 MB_23_05_199-R32-02 1,0,0,0,,2.5,-8.467094593,-8.503144381,0.003944914,-15.95505954,-16.08371181,0.001226349,-0.010944548,0.004010956,-18.57576422,0.003904696,-35.53372493,0.00120195,-50.61694181,0.148964425,432.3442467,0.103611455,0.008728483,0.010884029,-16.34934012,0.676114149,0,0,1,-7.913672212,-14.97972389,-8.465556894,-16.01117461,-8.501593243,-16.14073831,0.020716585,20.71658465,-8.501593243,-16.14073831,20.71658465,no correction,no correction,no correction
32,5651,acf,Water,Mono Basin,MB_23_05_199,1,03 1,4/5/25 17:33,Data_3417,IPL-17O-5651,Data_3417 IPL-17O-5651 MB_23_05_199-R32-03 1,0,0,0,,2.5,-9.135917924,-9.177906681,0.004065284,-17.22641544,-17.37651647,0.001487066,-0.003105982,0.004376817,-19.2377689,0.004023838,-36.77978578,0.00145748,-52.76078131,0.122500529,522.7923645,0.14519347,0.019714637,0.023923835,-17.68135713,1.332017018,0,0,1,-8.581833178,-16.25044551,-9.180314155,-17.36939362,-9.222712928,-17.52201138,0.028909078,28.9090784,-9.222712928,-17.52201138,28.9090784,no correction,no correction,no correction
32,5652,acf,Water,Mono Basin,MB_24_11_439,2,04 1,4/6/25 10:54,Data_3418,IPL-17O-5652,Data_3418 IPL-17O-5652 MB_24_11_439-R32-04 1,0,0,2,,2.5,-3.575789032,-3.582197832,0.004425909,-6.676787954,-6.699177529,0.002371571,-0.045032096,0.004727613,-13.73432548,0.004380786,-26.44005484,0.002324386,-37.23635504,0.150779151,460.4683657,0.211320913,0.00860702,0.012287276,-6.681721413,10.99963572,0,0,1,-3.010879771,-5.676157011,-3.220852888,-6.066997078,-3.226051,-6.085476085,-0.012919627,-12.91962707,-3.226051,-6.085476085,-12.91962707,no correction,no correction,no correction
32,5653,acf,WaterStd,USGS45,USGS45,2,04 1,4/6/25 12:48,Data_3419,IPL-17O-5653,Data_3419 IPL-17O-5653 USGS45-R32-04 1,0,0,1,,2.5,-1.829379629,-1.831055306,0.004033102,-3.419502044,-3.425361946,0.001481027,-0.022464198,0.00405963,-12.00572071,0.003991984,-23.24757625,0.00145156,-33.60467041,0.140945681,446.0255642,0.168177779,2.47E-05,0.000187272,-3.309793378,3.371928035,0,0,1,-1.262636973,-2.414037109,-1.350690911,-2.580259154,-1.351603916,-2.58359376,0.012533589,12.53358904,-1.351603916,-2.58359376,12.53358904,no correction,no correction,no correction
32,5654,acf,WaterStd,USGS45,USGS45,2,05 1,4/6/25 14:42,Data_3420,IPL-17O-5654,Data_3420 IPL-17O-5654 USGS45-R32-05 1,0,0,1,,2.5,-2.404547565,-2.407443522,0.004459676,-4.520380622,-4.530628494,0.001705411,-0.015271677,0.004640561,-12.57502481,0.00441421,-24.32655162,0.00167148,-34.12449743,0.126264742,506.3320366,0.135839817,0.002081491,0.000894436,-4.448146505,1.138353127,0,0,1,-1.837284344,-3.514467385,-1.965413114,-3.756461161,-1.967347072,-3.76353438,0.019799081,19.79908055,-1.967347072,-3.76353438,19.79908055,no correction,no correction,no correction
32,5655,acf,WaterStd,USGS45,USGS45,2,06 1,4/7/25 11:08,Data_3421,IPL-17O-5655,Data_3421 IPL-17O-5655 USGS45-R32-06 1,0,0,0,,2.5,-1.77803215,-1.779615192,0.004884459,-3.32052467,-3.326050004,0.002835001,-0.02346079,0.004557865,-11.95489671,0.004834662,-23.15056814,0.002778596,-33.49033042,0.120333577,546.0049966,0.17059327,0.019745814,0.017281538,-3.207510219,1.240636286,0,0,1,-1.20131056,-2.296638429,-1.285087709,-2.454776817,-1.285914143,-2.457794721,0.01180147,11.80147012,-1.285914143,-2.457794721,11.80147012,no correction,no correction,no correction
32,5657,acf,Water,Omo River,IPL24W-2817,1,01 1,4/7/25 12:58,Data_3422,IPL-17O-5657,Data_3422 IPL-17O-5657 IPL24W-2817-R32-01 1,0,0,1,,2.5,-0.830499231,-0.830844612,0.004085599,-1.502604326,-1.503734409,0.001446573,-0.036872845,0.004135266,-11.01702388,0.004043946,-21.36881733,0.001417792,-30.93693356,0.14145559,517.9598072,0.098097078,0.095189846,0.088605695,-1.330730745,1.876779474,0,0,1,-0.25240995,-0.475338796,-0.270012548,-0.508068942,-0.270049008,-0.508198052,-0.001720436,-1.720435944,-0.270049008,-0.508198052,-1.720435944,no correction,no correction,no correction
32,5658,acf,Water,Omo River,IPL24W-2817,1,02 1,4/7/25 14:49,Data_3423,IPL-17O-5658,Data_3423 IPL-17O-5658 IPL24W-2817-R32-02 1,0,0,0,,2.5,-0.96549643,-0.965963172,0.004233193,-1.759492796,-1.761042554,0.001278389,-0.036132703,0.004458781,-11.15064479,0.004190036,-21.62059472,0.001252954,-31.40265816,0.128280315,560.7564588,0.117829904,0.15395703,0.142741284,-1.595722936,0.26499219,0,0,1,-0.3866635,-0.73097723,-0.413628688,-0.781309733,-0.413714256,-0.781615114,-0.001021476,-1.021475572,-0.413714256,-0.781615114,-1.021475572,no correction,no correction,no correction
32,5659,acf,Water,Omo River,IPL24W-2817,1,03 1,4/7/25 16:40,Data_3424,IPL-17O-5659,Data_3424 IPL-17O-5659 IPL24W-2817-R32-03 1,0,0,0,potentially run another replicate?,2.5,-1.023594058,-1.024118657,0.004343934,-1.897266181,-1.89906831,0.001409418,-0.02141059,0.004332633,-11.20815011,0.004299647,-21.75562695,0.001381376,-31.31782787,0.143144356,543.2857816,0.102425858,0.036142719,0.029253011,-1.73787141,0.142148474,0,0,1,-0.443974443,-0.867380955,-0.47493639,-0.927105735,-0.475049208,-0.927535764,0.014689675,14.68967545,-0.475049208,-0.927535764,14.68967545,no correction,no correction,no correction
32,5660,acf,Water,Mono Basin,MB_23_10_309,2,04 1,4/7/25 18:30,Data_3425,IPL-17O-5660,Data_3425 IPL-17O-5660 MB_23_10_309-R32-04 1,0,0,3,,2.5,-4.550751277,-4.56113776,0.003851666,-8.526480744,-8.563039359,0.003326106,-0.039852978,0.003276855,-14.69934799,0.003812398,-28.25294594,0.00325993,-40.18397806,0.146627989,470.1781248,0.138453796,0.028905978,0.026150421,-8.601588918,6.863717508,0,0,1,-3.972359975,-7.50193289,-4.249384922,-8.018489417,-4.258439217,-8.050810396,-0.007611328,-7.611328146,-4.258439217,-8.050810396,-7.611328146,no correction,no correction,no correction
32,5661,acf,Water,Lake Erie,LE23_W228,2,04 1,4/8/25 10:53,Data_3426,IPL-17O-5661,Data_3426 IPL-17O-5661 LE23_W228-R32-04 1,0,0,2,,2.5,-4.556806482,-4.567220758,0.004425106,-8.598499657,-8.635680117,0.001984237,-0.007581656,0.004121006,-14.70534146,0.004379992,-28.32353196,0.001944759,-40.34250519,0.108324345,410.8132432,0.218994743,0.00036624,7.68E-06,-8.676414728,0.07482581,0,0,1,-3.971141319,-7.5606592,-4.248081279,-8.081259413,-4.257130012,-8.114089784,0.027109394,27.1093936,-4.257130012,-8.114089784,27.1093936,no correction,no correction,no correction
32,5662,acf,Water,Lake Erie,LE23_W206,2,05 1,4/8/25 12:45,Data_3427,IPL-17O-5662,Data_3427 IPL-17O-5662 LE23_W206-R32-05 1,0,0,1,,2.5,-4.269713415,-4.278855091,0.004619769,-8.027392923,-8.059785969,0.001684449,-0.0232881,0.004992567,-14.42117531,0.00457267,-27.76378803,0.001650935,-39.24112456,0.139373345,419.6314289,0.106834541,0.008934867,0.006596336,-8.083203214,0.593211514,0,0,1,-3.683054613,-6.987439306,-3.939903946,-7.468569628,-3.947685814,-7.496599041,0.01051848,10.51847962,-3.947685814,-7.496599041,10.51847962,no correction,no correction,no correction
32,5663,acf,Water,Lake Erie,LE23_W223,2,04 1,4/8/25 14:35,Data_3428,IPL-17O-5663,Data_3428 IPL-17O-5663 LE23_W223-R32-04 1,0,0,0,,2.5,-3.920778352,-3.928484964,0.003271907,-7.358847404,-7.386057341,0.00155232,-0.028646688,0.003239437,-14.07579764,0.003238549,-27.10854396,0.001521435,-38.51400392,0.102080138,568.7394913,0.137851025,0.046117399,0.040073571,-7.389228316,0.693974898,0,0,1,-3.3330966,-6.316690644,-3.565540516,-6.751635588,-3.571912206,-6.774530992,0.005040158,5.040158317,-3.571912206,-6.774530992,5.040158317,no correction,no correction,no correction
32,5665,acf,WaterStd,SMOW,SMOW,2,07 1,4/9/25 10:48,Data_3430,IPL-17O-5665,Data_3430 IPL-17O-5665 VSMOW2-B9-R32-07 1,0,0,1,,2.5,-0.494958107,-0.495081,0.004301969,-0.868436765,-0.868814167,0.002173731,-0.03634712,0.003964882,-10.6849036,0.00425811,-20.74726724,0.002130482,-30.20921897,0.1455374,506.222613,0.21161187,0.005483178,0.003739918,-0.676858429,0.172606461,0,0,1,0.103763801,0.197161668,0.111000095,0.210737522,0.110993935,0.21071532,-0.000263754,-0.263754208,0.110993935,0.21071532,-0.263754208,no correction,no correction,no correction
32,5666,acf,WaterStd,SMOW,SMOW,2,08 1,4/9/25 12:43,Data_3431,IPL-17O-5666,Data_3431 IPL-17O-5666 VSMOW2-B9-R32-08 1,0,0,0,,2.5,-1.068131472,-1.068702576,0.003542772,-1.959441263,-1.96136354,0.001770219,-0.033102627,0.003674954,-11.25223347,0.003506653,-21.81656499,0.001734998,-31.27065714,0.156884977,575.3117244,0.23892668,0.049150756,0.04505502,-1.802027521,1.125169092,0,0,1,-0.468904582,-0.893443227,-0.50160511,-0.954962563,-0.501730956,-0.95541883,0.002730187,2.730186519,-0.501730956,-0.95541883,2.730186519,no correction,no correction,no correction
32,5667,acf,WaterStd,SMOW,SMOW,2,09 1,4/9/25 14:33,Data_3432,IPL-17O-5667,Data_3432 IPL-17O-5667 VSMOW2-B9-R32-09 1,0,0,0,,2.5,-1.009112757,-1.009622528,0.003742785,-1.849134087,-1.850845891,0.001518285,-0.032375898,0.003905402,-11.19381645,0.003704628,-21.7084525,0.001488077,-31.78961452,0.144992931,476.9595117,0.114118687,5.17E-05,2.28E-05,-1.688208551,0.11381897,0,0,1,-0.409030073,-0.781506434,-0.437555064,-0.835318199,-0.437650819,-0.835667272,0.0035815,3.581500323,-0.437650819,-0.835667272,3.581500323,no correction,no correction,no correction
32,5668,acf,WaterStd,SLAP,SLAP,2,05 1,4/9/25 16:23,Data_3433,IPL-17O-5668,Data_3433 IPL-17O-5668 SLAP2-C1-R32-05 1,0,0,3,,2.5,-27.13387809,-27.50879976,0.004359957,-50.66793635,-51.99663261,0.001398578,-0.054577737,0.004399781,-37.05224002,0.004315507,-69.55595056,0.001370752,-97.43034966,0.152897325,371.4053554,0.0913805,0.022569322,0.016022752,-53.3712163,51.68300775,0,0,1,-26.54869016,-49.65108922,-28.4001461,-53.06988736,-28.81123223,-54.52998721,-0.019398984,-19.39898358,-28.81123223,-54.52998721,-19.39898358,no correction,no correction,no correction
32,5669,acf,WaterStd,SLAP,SLAP,2,06 1,4/9/25 18:14,Data_3434,IPL-17O-5669,Data_3434 IPL-17O-5669 SLAP2-C1-R32-06 1,0,0,0,,2.5,-27.31023362,-27.69009044,0.004601702,-50.98243238,-52.32796889,0.0018086,-0.060922866,0.005248039,-37.22679761,0.004554787,-69.86418933,0.001772616,-99.00419502,0.140131786,396.4315979,0.118929649,0.021240197,0.027253568,-53.71297626,0.341759963,0,0,1,-26.7243519,-49.96448276,-28.58805816,-53.40486007,-29.00465571,-54.88379576,-0.026011552,-26.01155156,-29.00465571,-54.88379576,-26.01155156,no correction,no correction,no correction
32,5670,acf,WaterStd,SLAP,SLAP,2,07 1,4/10/25 10:54,Data_3435,IPL-17O-5670,Data_3435 IPL-17O-5670 SLAP2-C1-R32-07 1,0,0,1,,2.5,-28.08951998,-28.4915779,0.004307487,-52.44193791,-53.86706505,0.004285136,-0.04976755,0.003798138,-37.99813915,0.004263572,-71.29465638,0.004199879,-99.59686867,0.137481655,390.186033,0.119870694,0.068673003,0.081360205,-55.30053819,1.587561929,0,0,1,-27.49687769,-51.41255338,-29.41445846,-54.95263971,-29.85573853,-56.52023603,-0.013053906,-13.05390635,-29.85573853,-56.52023603,-13.05390635,no correction,no correction,no correction
32,5671,acf,WaterStd,SLAP,SLAP,2,08 1,4/10/25 12:55,Data_3436,IPL-17O-5671,Data_3436 IPL-17O-5671 SLAP2-C1-R32-08 1,0,0,0,,2.5,-28.64793491,-29.06629699,0.004864622,-53.49290874,-54.97681631,0.00140811,-0.038537976,0.005004009,-38.55086104,0.004815027,-72.32471698,0.001380094,-101.5424384,0.128219509,421.8978546,0.131942876,0.000600757,0.002756285,-56.44528364,1.144745454,0,0,1,-28.05475897,-52.46309492,-30.01124532,-56.07551781,-30.47080067,-57.70911372,-0.000388627,-0.38862684,-30.47080067,-57.70911372,-0.38862684,no correction,no correction,no correction
32,5672,acf,WaterStd,SLAP,SLAP,2,09 1,4/10/25 14:58,Data_3437,IPL-17O-5672,Data_3437 IPL-17O-5672 SLAP2-C2-R32-09 1,0,0,0,,2.5,-29.1511702,-29.58450806,0.003017673,-54.44028474,-55.97823559,0.001530785,-0.02799967,0.003103451,-39.04896585,0.002986908,-73.25324389,0.001500328,-102.4370924,0.175135187,417.958904,0.130838942,0.005294245,0.003826308,-57.4783151,1.033031459,0,0,1,-28.55741618,-53.40991126,-30.54895691,-57.08752857,-31.02530265,-58.78181992,0.011498269,11.49826942,-31.02530265,-58.78181992,11.49826942,no correction,no correction,no correction
32,5673,acf,WaterStd,SLAP,SLAP,2,10 1,4/10/25 16:50,Data_3438,IPL-17O-5673,Data_3438 IPL-17O-5673 SLAP2-C2-R32-10 1,0,0,0,,2.5,-29.29585233,-29.7335458,0.004357248,-54.70683153,-56.26016848,0.001666236,-0.028176847,0.00448992,-39.19217295,0.004312826,-73.51448744,0.001633084,-103.4819878,0.138076476,452.30037,0.109128901,0.054801647,0.048074375,-57.76915375,0.290838653,0,0,1,-28.70137831,-53.67529639,-30.70295869,-57.37118718,-31.18416989,-59.08269757,0.011494428,11.49442775,-31.18416989,-59.08269757,11.49442775,no correction,no correction,no correction
32,5674,acf,WaterStd,SLAP,SLAP,2,11 1,4/10/25 18:40,Data_3439,IPL-17O-5674,Data_3439 IPL-17O-5674 SLAP2-C2-R32-11 1,0,0,0,,2.5,-29.25154722,-29.68790456,0.004145606,-54.60062655,-56.14782338,0.0011425,-0.041853819,0.004173299,-39.14831953,0.004103342,-73.41039552,0.001119768,-103.415096,0.1406555,444.3431729,0.090377192,0.052519761,0.048561598,-57.65325959,0.115894161,0,0,1,-28.65624776,-53.5675416,-30.65468083,-57.25601278,-31.13436404,-58.96052078,-0.003209068,-3.209068306,-31.13436404,-58.96052078,-3.209068306,no correction,no correction,no correction
32,5675,acf,WaterStd,SLAP,SLAP,2,12 1,4/11/25 11:20,Data_3440,IPL-17O-5675,Data_3440 IPL-17O-5675 SLAP2-C1-R32-12 1,0,0,0,,2.5,-28.84299242,-29.26712745,0.004778313,-53.85499096,-55.35943582,0.005482225,-0.037345337,0.003374963,-38.74392994,0.004729599,-72.67959518,0.00537315,-102.378477,0.112447666,453.2740144,0.182043294,0.085130162,0.079919725,-56.83997696,0.813282632,0,0,1,-28.24022045,-52.8081142,-30.20964054,-56.4442939,-30.67535511,-58.09987395,0.00137833,1.37832973,-30.67535511,-58.09987395,1.37832973,no correction,no correction,no correction
32,5677,mla,CarbonateStd,IAEA-C1,IAEA-C1,1,2 1,4/15/25 11:54,Data_3442,IPL-17O-5677,Data_3442 IPL-17O-5677 IAEA-C1-R32-2 1,0,0,0,,2.5,14.7380653,14.63051501,0.004790448,28.54388091,28.14409411,0.00155727,-0.229566678,0.004661527,4.392819265,0.004741609,8.079859756,0.001526286,9.580561362,0.139408505,364.5537157,0.141486476,0.00842373,0.010196666,29.18898406,2.340596591,0,0,1,15.41160989,29.76367157,16.4863867,31.81309257,16.35196167,31.3175388,-0.183698817,-183.6988173,14.21095983,27.13056327,-113.9775736,secondary correction applied,secondary correction applied,mineral + 1-pt normalization applied to D17O for data.cor[[2]] using IAEA-603 and/or IAEA-C1 as calcite. Offset=24.06 per meg
32,5678,mla,CarbonateStd,IAEA-C1,IAEA-C1,1,3 1,4/15/25 15:20,Data_3443,IPL-17O-5678,Data_3443 IPL-17O-5678 IAEA-C1-R32-3 1,0,0,0,,2.5,16.12635,15.99770131,0.004294936,31.21182549,30.73464023,0.001575109,-0.230188734,0.004436165,5.766950408,0.004251149,10.69472263,0.00154377,13.75527838,0.131564989,385.3182881,0.079526768,0.04184246,0.048880643,31.85445685,2.665472792,0,0,1,16.80237324,32.43769505,17.97413929,34.67123984,17.81451436,34.08373359,-0.181696982,-181.6969821,16.08818193,30.6821168,-111.9757384,secondary correction applied,secondary correction applied,mineral + 1-pt normalization applied to D17O for data.cor[[2]] using IAEA-603 and/or IAEA-C1 as calcite. Offset=24.06 per meg
32,5679,mla,CarbonateStd,102-GC-AZ01,102-GC-AZ01,1,01 1,4/16/25 12:47,Data_3444,IPL-17O-5679,Data_3444 IPL-17O-5679 102-GC-AZ01-R32-01 1,0,0,2,,2.5,10.44691303,10.39272081,0.004141586,20.29363492,20.09046321,0.001337027,-0.215043766,0.004204786,0.145415257,0.004099362,-0.006238435,0.001310425,-1.961187956,0.161872225,439.3068664,0.255403376,0.000118978,5.09E-06,20.90113725,10.9533196,0,0,1,11.1288258,21.5245322,11.90492928,23.00663525,11.83462305,22.74597302,-0.175250702,-175.2507016,8.40869139,16.12541827,-105.5294579,secondary correction applied,secondary correction applied,mineral + 1-pt normalization applied to D17O for data.cor[[2]] using IAEA-603 and/or IAEA-C1 as calcite. Offset=24.06 per meg
32,5680,acf,CarbonateStd,102-GC-AZ01,102-GC-AZ01,1,02 1,4/16/25 16:14,Data_3445,IPL-17O-5680,Data_3445 IPL-17O-5680 102-GC-AZ01-R32-02 1,0,0,0,,2.5,10.46102374,10.40668563,0.0033944,20.25613662,20.05371007,0.001422631,-0.181673286,0.003346188,0.159382099,0.003359795,-0.042990667,0.001394326,-1.511554609,0.125751198,429.1186598,0.083473836,0.054173186,0.049524048,20.8633108,0.037826448,0,0,1,11.14450557,21.48989322,11.92170252,22.96961115,11.85119882,22.70978091,-0.139565495,-139.5654952,8.419841746,16.07895075,-69.84425146,secondary correction applied,secondary correction applied,mineral + 1-pt normalization applied to D17O for data.cor[[2]] using IAEA-603 and/or IAEA-C1 as calcite. Offset=24.06 per meg
32,5681,acf,CarbonateStd,GON06-OES,GON06-OES,1,01 1,4/16/25 19:02,Data_3446,IPL-17O-5681,Data_3446 IPL-17O-5681 GON06-OES-R32-01 1,0,0,3,,2.5,19.64758686,19.45706431,0.003365278,38.21838088,37.50614876,0.001771415,-0.346182242,0.003237597,9.252288291,0.003330969,17.56187482,0.001736171,23.5744706,0.147594542,496.1691771,0.113370501,0.05178103,0.047873658,38.8208779,17.9575671,0,0,1,20.3385528,39.47624428,21.75692539,42.19443863,21.52362141,41.3285273,-0.297841007,-297.8410071,20.88332761,39.98380184,-228.1197634,secondary correction applied,secondary correction applied,mineral + 1-pt normalization applied to D17O for data.cor[[2]] using IAEA-603 and/or IAEA-C1 as calcite. Offset=24.06 per meg
32,5682,acf,CarbonateStd,GON06-OES,GON06-OES,1,02 1,4/17/25 15:07,Data_3447,IPL-17O-5682,Data_3447 IPL-17O-5682 GON06-OES-R32-02 1,0,0,0,"sat in autoline for ~5 hours bc of robot issues, be skeptical of this replicate?",2.5,18.44389723,18.27587119,0.003701275,35.91330456,35.2834574,0.002143797,-0.353794318,0.003626507,8.060870265,0.00366354,15.30266055,0.002101144,19.05705566,0.152295308,376.2727952,0.199565931,0.171309352,0.177489318,36.53435779,2.286520109,0,0,1,19.14317341,37.18549748,20.47818248,39.74595912,20.27132379,38.97641324,-0.308222402,-308.2224025,19.27843379,36.96389195,-238.5011588,secondary correction applied,secondary correction applied,mineral + 1-pt normalization applied to D17O for data.cor[[2]] using IAEA-603 and/or IAEA-C1 as calcite. Offset=24.06 per meg
32,5683,acf,CarbonateStd,GON06-OES,GON06-OES,1,03 1,4/17/25 18:43,Data_3448,IPL-17O-5683,Data_3448 IPL-17O-5683 GON06-OES-R32-03 1,0,0,0,off in D17O space but not d18O,2.5,20.42656668,20.22074207,0.004755513,39.68594421,38.91869077,0.001774221,-0.328326652,0.004456168,10.02332641,0.004707031,19.00023935,0.001738921,24.89544016,0.118557219,434.3676029,0.152979007,0.295072674,0.28247726,40.27390793,3.739550138,0,0,1,21.12885061,40.96586458,22.60233709,43.78662891,22.3506891,42.85509014,-0.276798494,-276.7984944,21.93923635,41.94377575,-207.0772506,secondary correction applied,secondary correction applied,mineral + 1-pt normalization applied to D17O for data.cor[[2]] using IAEA-603 and/or IAEA-C1 as calcite. Offset=24.06 per meg
32,5685,acf,Carbonate,Mono Basin,UWI-MONO15-1B-1G-1,1,14.1-R32-01 1,4/18/25 17:27,Data_3450,IPL-17O-5685,Data_3450 IPL-17O-5685 UWI-MONO15-1B-1G-1-W_13.7-14.1-R32-01 1,0,0,0,,2.5,15.95793804,15.83194832,0.00466279,30.94429366,30.47517217,0.001343286,-0.258942581,0.004785357,5.600255412,0.004615253,10.43251363,0.00131656,12.76077725,0.106956119,611.2180793,0.205001494,7.51E-05,0.000506,31.58749315,1.417456165,0,0,1,16.66745237,32.23274321,17.82980929,34.45217574,17.67272271,33.87198778,-0.21168684,-211.6868396,15.9146483,30.4102536,-141.9655959,secondary correction applied,secondary correction applied,mineral + 1-pt normalization applied to D17O for data.cor[[2]] using IAEA-603 and/or IAEA-C1 as calcite. Offset=24.06 per meg
32,5687,mla,CarbonateStd,IAEA-C1,IAEA-C1,2,5 1,4/24/25 12:43,Data_3453,IPL-17O-5687,Data_3453 IPL-17O-5687 IAEA-C1-R32-5 1,0,0,0,,2.5,14.66329209,14.5568252,0.004160883,28.41566139,28.01942513,0.001680977,-0.237431272,0.004172902,4.318808362,0.004118463,7.954191308,0.001647532,8.239116651,0.133289094,433.1812112,0.132237958,0.003238634,0.002453804,29.06070423,2.526788915,0,0,1,15.43496253,29.8188565,16.51136792,31.87207734,16.37653741,31.37470331,-0.189305933,-189.3059334,14.24410488,27.20395752,-119.5846896,secondary correction applied,secondary correction applied,mineral + 1-pt normalization applied to D17O for data.cor[[2]] using IAEA-603 and/or IAEA-C1 as calcite. Offset=24.06 per meg
32,5688,mla,CarbonateStd,IAEA-C1,IAEA-C1,2,6 1,4/24/25 16:07,Data_3454,IPL-17O-5688,Data_3454 IPL-17O-5688 IAEA-C1-R32-6 1,0,0,0,,2.5,15.80656452,15.68294145,0.004157395,30.5724254,30.11440065,0.001428629,-0.217462095,0.004163963,5.450425137,0.004115011,10.06804411,0.001400205,11.78660903,0.132284987,420.8666152,0.079301017,0.072250143,0.064807068,31.21629617,2.155591943,0,0,1,16.58064845,31.98145308,17.73695182,34.18358267,17.58148771,33.61230643,-0.165810085,-165.8100853,15.78448549,30.07684532,-96.08884155,secondary correction applied,secondary correction applied,mineral + 1-pt normalization applied to D17O for data.cor[[2]] using IAEA-603 and/or IAEA-C1 as calcite. Offset=24.06 per meg
32,5689,mla,CarbonateStd,IAEA-C1,IAEA-C1,2,7 1,4/24/25 19:25,Data_3455,IPL-17O-5689,Data_3455 IPL-17O-5689 IAEA-C1-R32-7 1,0,0,0,,2.5,16.17745407,16.04799304,0.004493953,31.2801304,30.80087554,0.001811496,-0.214869247,0.004340287,5.817533471,0.004448137,10.76166853,0.001775454,13.19918861,0.148145696,446.7648387,0.093955248,0.145026933,0.136118116,31.92260528,0.70630911,0,0,1,16.95331985,32.6929326,18.13561263,34.94405214,17.97312402,34.34736935,-0.162286994,-162.2869945,16.2863122,31.02060219,-92.56575075,secondary correction applied,secondary correction applied,mineral + 1-pt normalization applied to D17O for data.cor[[2]] using IAEA-603 and/or IAEA-C1 as calcite. Offset=24.06 per meg
32,5691,mla,CarbonateStd,102-GC-AZ01,102-GC-AZ01,2,04 1,4/25/25 15:53,Data_3457,IPL-17O-5691,Data_3457 IPL-17O-5691 102-GC-AZ01-R32-04 1,0,0,0,,2.5,10.71996432,10.66291255,0.004044673,20.73067811,20.5187219,0.001270525,-0.170972613,0.004061689,0.415682784,0.004003438,0.422109295,0.001245246,-1.833286304,0.1483473,431.3419264,0.069301356,0.032261074,0.028136019,21.3418995,0.029866923,0,0,1,11.50089029,22.14621922,12.30294084,23.67112944,12.22787473,23.39531237,-0.124850205,-124.8502047,8.899282985,16.95911353,-55.12896093,secondary correction applied,secondary correction applied,mineral + 1-pt normalization applied to D17O for data.cor[[2]] using IAEA-603 and/or IAEA-C1 as calcite. Offset=24.06 per meg
32,5692,mla,Carbonate,PETM Bighorn,PB-00-04-11,1,01 1,4/25/25 18:42,Data_3458,IPL-17O-5692,Data_3458 IPL-17O-5692 PB-00-04-11-R32-01 1,0,0,2,,2.5,12.54823722,12.47016018,0.004511085,24.33744276,24.04600624,0.001455689,-0.226131118,0.00442169,2.225316463,0.004465095,3.957113363,0.001426726,2.893042579,0.148146091,471.0054652,0.133654766,0.017464361,0.014529183,24.97195806,3.630058567,0,0,1,13.33185327,25.76036991,14.26159175,27.53413774,14.16085193,27.16189091,-0.18062647,-180.6264701,11.39689321,21.7950728,-110.9052264,secondary correction applied,secondary correction applied,mineral + 1-pt normalization applied to D17O for data.cor[[2]] using IAEA-603 and/or IAEA-C1 as calcite. Offset=24.06 per meg
32,5693,jnl,Carbonate,PETM Bighorn,PB-00-04-11,1,02 1,4/26/25 13:01,Data_3459,IPL-17O-5693,Data_3459 IPL-17O-5693 PB-00-04-11-R32-02 1,0,0,0,,2.5,12.58650361,12.50795164,0.004438722,24.40776292,24.11465329,0.001548628,-0.224585294,0.004456673,2.26319272,0.004393469,4.026034425,0.001517816,4.658736833,0.125172867,487.1518539,0.119892689,0.00012438,0.000729179,25.04260158,0.070643518,0,0,1,13.37842699,25.84623744,14.31141344,27.6259178,14.20997186,27.25120762,-0.178665762,-178.6657619,11.45940226,21.90974768,-108.9445181,secondary correction applied,secondary correction applied,mineral + 1-pt normalization applied to D17O for data.cor[[2]] using IAEA-603 and/or IAEA-C1 as calcite. Offset=24.06 per meg
32,5694,mla,Carbonate,PETM Bighorn,PB-00-02-09,1,01 1,4/28/25 12:29,Data_3460,IPL-17O-5694,Data_3460 IPL-17O-5694 PB-00-02-09-R32-01 1,0,0,0,,2.5,11.94035747,11.86963344,0.004498177,23.18964159,22.92484765,0.001409967,-0.234686122,0.00457886,1.62363404,0.004452319,2.832148965,0.001381914,1.947024801,0.180258605,869.9388897,0.421944336,0.008038116,0.009031138,23.81817279,1.22442879,0,0,1,12.75321598,24.66640141,13.64260138,26.36484245,13.55037892,26.02328047,-0.189913167,-189.9131669,10.61573557,20.33319601,-120.1919232,secondary correction applied,secondary correction applied,mineral + 1-pt normalization applied to D17O for data.cor[[2]] using IAEA-603 and/or IAEA-C1 as calcite. Offset=24.06 per meg
32,5695,mla,Carbonate,PETM Bighorn,PB-00-01-07,1,01 1,4/28/25 19:29,Data_3461,IPL-17O-5695,Data_3461 IPL-17O-5695 PB-00-01-07-R32-01 1,0,0,0,,2.5,13.48196981,13.39189641,0.004079592,26.11460312,25.7794394,0.001737253,-0.219647591,0.003914084,3.149529657,0.004038001,5.698915142,0.001702688,6.447015321,0.124533794,574.3729873,0.12794795,0.046219024,0.042881123,26.75576159,2.937588805,0,0,1,14.2992308,27.60149503,15.29643238,29.50203621,15.18062147,29.07522535,-0.171097519,-171.0975191,12.70348321,24.25162781,-101.3762754,secondary correction applied,secondary correction applied,mineral + 1-pt normalization applied to D17O for data.cor[[2]] using IAEA-603 and/or IAEA-C1 as calcite. Offset=24.06 per meg
32,5696,jnl,Carbonate,PETM Bighorn,PB-00-01-07,1,02 1,4/29/25 12:34,Data_3462,IPL-17O-5696,Data_3462 IPL-17O-5696 PB-00-01-07-R32-02 1,0,0,0,,2.5,12.73794517,12.65749962,0.004254542,24.6973838,24.39733366,0.001238783,-0.224292552,0.004339189,2.413090339,0.004211167,4.309892977,0.001214136,4.122671707,0.143983283,587.3815861,0.143790497,0.08289083,0.07850542,25.33350165,1.422259943,0,0,1,13.56233279,26.19664587,14.50814449,28.00045412,14.40390833,27.61560878,-0.177133106,-177.1331057,11.70796467,22.37760708,-107.411862,secondary correction applied,secondary correction applied,mineral + 1-pt normalization applied to D17O for data.cor[[2]] using IAEA-603 and/or IAEA-C1 as calcite. Offset=24.06 per meg
32,5697,mla,Carbonate,PETM Bighorn,PB-00-03-16,1,01 1,4/29/25 15:27,Data_3463,IPL-17O-5697,Data_3463 IPL-17O-5697 PB-00-03-16-R32-01 1,0,0,0,,2.5,13.09428925,13.00929972,0.004924807,25.33146041,25.0159363,0.001331492,-0.199114644,0.004740214,2.765801498,0.004874599,4.931353929,0.001305001,5.631796495,0.145452416,539.0469853,0.066945426,0.025467282,0.019442215,25.97008355,0.6365819,0,0,1,13.92026519,26.83407439,14.89103841,28.68177371,14.78125541,28.2781512,-0.149608421,-149.6084213,12.1846309,23.22825393,-79.88717759,secondary correction applied,secondary correction applied,mineral + 1-pt normalization applied to D17O for data.cor[[2]] using IAEA-603 and/or IAEA-C1 as calcite. Offset=24.06 per meg
32,5698,jnl,Carbonate,PETM Bighorn,SC-22-PK95,1,01 1,4/30/25 12:43,Data_3464,IPL-17O-5698,Data_3464 IPL-17O-5698 SC-22-PK95-R32-01 1,0,0,0,,2.5,12.86633371,12.78426538,0.003644783,24.96065431,24.65422578,0.00135263,-0.233165835,0.003591786,2.540169957,0.003607624,4.567925425,0.001325717,4.268302888,0.168744272,629.0634496,0.145688287,0.021416947,0.01952318,25.59786156,0.372221989,0,0,1,13.70174151,26.48068157,14.65727531,28.3040475,14.55089568,27.91088936,-0.186053902,-186.0539023,11.89921638,22.75672166,-116.3326585,secondary correction applied,secondary correction applied,mineral + 1-pt normalization applied to D17O for data.cor[[2]] using IAEA-603 and/or IAEA-C1 as calcite. Offset=24.06 per meg
32,5699,mla,Carbonate,PETM Bighorn,SC-23-PK95,1,01 1,4/30/25 15:42,Data_3465,IPL-17O-5699,Data_3465 IPL-17O-5699 SC-23-PK95-R32-01 1,0,0,0,,2.5,13.37612707,13.28745612,0.004572377,25.89757168,25.56790904,0.001671693,-0.212399853,0.004513089,3.04476598,0.004525762,5.486201786,0.001638433,5.671972536,0.163299829,671.9012305,0.125370834,0.269451305,0.258672773,26.53808936,0.940227803,0,0,1,14.21330675,27.42151258,15.20451615,29.30966081,15.09008594,28.88834531,-0.162960384,-162.9603836,12.58493323,24.01169009,-93.23913991,secondary correction applied,secondary correction applied,mineral + 1-pt normalization applied to D17O for data.cor[[2]] using IAEA-603 and/or IAEA-C1 as calcite. Offset=24.06 per meg
32,5700,jnl,Carbonate,PETM Bighorn,SC-27-PK95,1,01 1,5/1/25 12:45,Data_3466,IPL-17O-5700,Data_3466 IPL-17O-5700 SC-27-PK95-R32-01 1,0,0,0,,2.5,12.43797595,12.36125946,0.004188355,24.11563977,23.82944966,0.001664078,-0.220689955,0.004125522,2.116179299,0.004145655,3.739723389,0.00163097,4.14713903,0.138446166,480.5366672,0.1093987,0.04650835,0.042860126,24.74910244,1.788986926,0,0,1,13.28389089,25.65468297,14.21028456,27.42117357,14.1102649,27.05194773,-0.173163504,-173.1635042,11.32982502,21.65391531,-103.4422605,secondary correction applied,secondary correction applied,mineral + 1-pt normalization applied to D17O for data.cor[[2]] using IAEA-603 and/or IAEA-C1 as calcite. Offset=24.06 per meg
32,5701,mla,Carbonate,PETM Bighorn,SC-27-PK95,1,02 1,5/1/25 20:13,Data_3467,IPL-17O-5701,Data_3467 IPL-17O-5701 SC-27-PK95-R32-02 1,0,0,0,,2.5,12.95703541,12.87381069,0.004917134,25.09622828,24.78648939,0.001522789,-0.213455705,0.005066151,2.629946959,0.004867004,4.700801999,0.001492492,5.601645728,0.142573465,431.8743291,0.087661624,0.045268216,0.050596676,25.73396927,0.984866835,0,0,1,13.80676117,26.64305079,14.76961884,28.4775969,14.66161022,28.07964757,-0.164443702,-164.4437019,12.0352288,22.97339253,-94.72245817,secondary correction applied,secondary correction applied,mineral + 1-pt normalization applied to D17O for data.cor[[2]] using IAEA-603 and/or IAEA-C1 as calcite. Offset=24.06 per meg
32,5702,jnl,Carbonate,PETM Bighorn,SC-23-PK95,2,02 1,5/2/25 12:31,Data_3468,IPL-17O-5702,Data_3468 IPL-17O-5702 SC-23-PK95-R32-02 1,0,0,0,,2.5,12.37509028,12.29914443,0.004204934,23.97858092,23.69560928,0.001637548,-0.212137272,0.004249081,2.053934754,0.004162065,3.605391476,0.001604967,3.928492899,0.125695739,490.3902251,0.107893119,0.002961522,0.004010106,24.6113683,1.122600971,0,0,1,13.23169167,25.5374595,14.15444507,27.29587851,14.05520626,26.92998926,-0.163828069,-163.8280691,11.25648407,21.49733125,-94.10682535,secondary correction applied,secondary correction applied,mineral + 1-pt normalization applied to D17O for data.cor[[2]] using IAEA-603 and/or IAEA-C1 as calcite. Offset=24.06 per meg
32,5703,mla,CarbonateStd,IAEA-C1,IAEA-C1,3,08 1,5/2/25 15:46,Data_3469,IPL-17O-5703,Data_3469 IPL-17O-5703 IAEA-C1-R32-08 1,0,0,2,,2.5,12.88406532,12.80177163,0.003360358,24.93847204,24.63258348,0.001250482,-0.204232443,0.003436517,2.557720799,0.003326099,4.546184493,0.001225602,5.20477698,0.167531791,454.5236487,0.090378553,4.40E-05,1.13E-05,25.5755902,0.964221892,0,0,1,13.74256837,26.50155836,14.70094936,28.32636181,14.59393791,27.93258922,-0.154469204,-154.469204,11.94551155,22.7845824,-84.74796025,secondary correction applied,secondary correction applied,mineral + 1-pt normalization applied to D17O for data.cor[[2]] using IAEA-603 and/or IAEA-C1 as calcite. Offset=24.06 per meg
32,5704,acf,CarbonateStd,IAEA-C1,IAEA-C1,3,09 1,5/5/25 12:17,Data_3470,IPL-17O-5704,Data_3470 IPL-17O-5704 IAEA-C1-R32-09 1,0,0,0,,2.5,14.24002744,14.13959026,0.004321605,27.56560827,27.19251763,0.001728274,-0.218059049,0.004147232,3.899858898,0.004277547,7.12105094,0.001693888,6.95922405,0.142248472,431.1107811,0.212822274,0.00102321,0.000672557,28.20983483,2.634244638,0,0,1,15.13070221,29.19069404,16.18588905,31.20066184,16.05629408,30.72381445,-0.165879949,-165.8799489,13.82628936,26.36827284,-96.15870513,secondary correction applied,secondary correction applied,mineral + 1-pt normalization applied to D17O for data.cor[[2]] using IAEA-603 and/or IAEA-C1 as calcite. Offset=24.06 per meg
32,5705,jnl,CarbonateStd,IAEA-C1,IAEA-C1,3,10 1,5/5/25 15:08,Data_3471,IPL-17O-5705,Data_3471 IPL-17O-5705 IAEA-C1-R32-10 1,0,0,0,,2.5,15.37211657,15.25516232,0.00398317,29.7223083,29.28916225,0.001624033,-0.20951535,0.004099343,5.020406385,0.003942562,9.234841023,0.001591721,10.75920341,0.136000045,406.0809637,0.088188626,0.034939589,0.030508837,30.36719577,2.157360935,0,0,1,16.26507864,31.35322468,17.39937477,33.51209668,17.24973887,32.96280465,-0.154621984,-154.6219844,15.35537238,29.24294152,-84.90074071,secondary correction applied,secondary correction applied,mineral + 1-pt normalization applied to D17O for data.cor[[2]] using IAEA-603 and/or IAEA-C1 as calcite. Offset=24.06 per meg
32,5706,acf,CarbonateStd,102-GC-AZ01,102-GC-AZ01,3,05 1,5/6/25 12:21,Data_3472,IPL-17O-5706,Data_3472 IPL-17O-5706 102-GC-AZ01-R32-05 1,0,0,3,,2.5,9.800341209,9.752628991,0.004271258,19.0432811,18.86422737,0.001805708,-0.207683062,0.004354222,-0.494564774,0.004227713,-1.23171508,0.001769782,-4.304487868,0.13443278,333.6333156,0.109042699,0.00556688,0.007495889,19.63906943,10.72812634,0,0,1,10.69796789,20.67509398,11.44402414,22.09870772,11.37903664,21.85807001,-0.162024332,-162.0243317,7.820002916,14.98542804,-92.30308801,secondary correction applied,secondary correction applied,mineral + 1-pt normalization applied to D17O for data.cor[[2]] using IAEA-603 and/or IAEA-C1 as calcite. Offset=24.06 per meg
32,5707,acf,CarbonateStd,102-GC-AZ01,102-GC-AZ01,3,06 1,5/6/25 15:26,Data_3473,IPL-17O-5707,Data_3473 IPL-17O-5707 102-GC-AZ01-R32-06 1,0,0,0,,2.5,10.00055903,9.950883972,0.004490035,19.3766898,19.19135203,0.001542,-0.182149902,0.004415094,-0.296165341,0.004337456,-0.904939917,0.00151132,-3.719492652,0.149642162,412.9489842,0.109356738,0.00040433,0.001300891,19.97575745,0.336688022,0,0,1,10.8999818,21.01163045,11.66012612,22.4584169,11.59267071,22.20994003,-0.134177631,-134.1776314,8.086384443,15.43719854,-64.45638768,secondary correction applied,secondary correction applied,mineral + 1-pt normalization applied to D17O for data.cor[[2]] using IAEA-603 and/or IAEA-C1 as calcite. Offset=24.06 per meg
32,5708,mla,CarbonateStd,102-GC-AZ01,102-GC-AZ01,3,07 1,5/6/25 18:56,Data_3474,IPL-17O-5708,Data_3474 IPL-17O-5708 102-GC-AZ01-R32-07 1,0,0,0,,2.5,9.906276021,9.857529918,0.005650565,19.17381545,18.9923142,0.001354637,-0.170411977,0.005647945,-0.389709966,0.005592957,-1.103777858,0.001327685,-3.479739605,0.145047108,466.0329104,0.089808676,0.014176299,0.019244363,19.77090118,0.204856269,0,0,1,10.80696817,20.81137041,11.5606259,22.24436766,11.49431246,22.0005705,-0.121988768,-121.9887682,7.956640427,15.16838627,-52.26752451,secondary correction applied,secondary correction applied,mineral + 1-pt normalization applied to D17O for data.cor[[2]] using IAEA-603 and/or IAEA-C1 as calcite. Offset=24.06 per meg
32,5709,mla,CarbonateStd,GON06-OES,GON06-OES,2,04 1,5/7/25 12:31,Data_3475,IPL-17O-5709,Data_3475 IPL-17O-5709 GON06-OES-R32-04 1,0,0,3,,2.5,18.49263049,18.32372076,0.00376819,36.00078767,35.36790408,0.001818644,-0.3505326,0.003830851,8.109106692,0.003729773,15.38840309,0.00178246,20.87644007,0.160200752,368.4609063,0.080535131,0.013371204,0.03443775,36.62123216,16.85033099,0,0,1,19.40897206,37.68037932,20.76251742,40.27491677,20.54991411,39.48502127,-0.298177122,-298.1771215,19.63326755,37.61690043,-228.4558778,secondary correction applied,secondary correction applied,mineral + 1-pt normalization applied to D17O for data.cor[[2]] using IAEA-603 and/or IAEA-C1 as calcite. Offset=24.06 per meg
32,5712,mla,CarbonateStd,GON06-OES,GON06-OES,2,06 1,5/8/25 13:50,Data_3477,IPL-17O-5712,Data_3477 IPL-17O-5712 GON06-OES-R32-06 1,0,0,0,,2.5,20.26405393,20.06146989,0.004023465,39.43949512,38.68162084,0.001416556,-0.36242591,0.003931887,9.862470484,0.003982445,18.75869364,0.001388372,25.08881487,0.133798568,290.3244387,0.151222636,0.011870386,0.009777855,40.0300469,2.421159915,0,0,1,21.19352099,41.14634087,22.67151746,43.97953216,22.4183381,43.03988406,-0.306720682,-306.7206815,22.03458708,42.18103508,-236.9994378,secondary correction applied,secondary correction applied,mineral + 1-pt normalization applied to D17O for data.cor[[2]] using IAEA-603 and/or IAEA-C1 as calcite. Offset=24.06 per meg
32,5715,acf,WaterStd,SMOW,SMOW,3,12 1,5/9/25 16:53,Data_3480,,Data_3480  IPL-17O-5715 VSMOW2-B10-R32-12 1,0,0,0,,2.5,-0.295497275,-0.295541249,0.003964209,-0.467646035,-0.46775545,0.00132692,-0.048566372,0.003832682,-10.48747627,0.003923794,-20.35445069,0.001300519,-30.87467585,0.131927215,574.8689626,0.151340172,0.005760616,0.003880709,-0.263834774,1.046098477,0,0,1,0.627314653,1.195946738,0.671062403,1.278295394,0.670837341,1.27747907,-0.003671608,-3.671608046,0.670837341,1.27747907,-3.671608046,no correction,no correction,no correction
32,5716,acf,WaterStd,SMOW,SMOW,3,13 1,5/12/25 12:52,Data_3481,IPL-17O-5716,Data_3481 IPL-17O-5716 VSMOW2-B10-R32-13 1,0,0,0,,2.5,-1.119210872,-1.119838065,0.004570344,-2.017646874,-2.019685413,0.004212265,-0.053444167,0.003973784,-11.30279211,0.00452375,-21.87361254,0.004128457,-33.93248129,0.157804446,789.8658005,0.273698975,0.05501828,0.05516766,-1.862091417,1.598256643,0,0,1,-0.166839179,-0.300732086,-0.178474231,-0.321439432,-0.178490159,-0.321491105,-0.008742856,-8.742855677,-0.178490159,-0.321491105,-8.742855677,no correction,no correction,no correction
32,5717,mla,WaterStd,SMOW,SMOW,3,14 1,5/12/25 15:03,Data_3482,IPL-17O-5717,Data_3482 IPL-17O-5717 VSMOW2-B10-R32-14 1,0,0,0,,2.5,-1.029832413,-1.030363476,0.00464253,-1.867138114,-1.868883453,0.001800119,-0.043593013,0.004698371,-11.21432487,0.004595199,-21.72609832,0.001764304,-33.20532521,0.136914044,725.5898385,0.096984868,0.008864095,0.007208621,-1.706784879,0.155306539,0,0,1,-0.076403267,-0.148171707,-0.081731488,-0.158374286,-0.081734828,-0.158386828,0.001893417,1.893416807,-0.081734828,-0.158386828,1.893416807,no correction,no correction,no correction
32,5718,mla,WaterStd,SMOW,SMOW,3,15 1,5/12/25 16:53,Data_3483,IPL-17O-5718,Data_3483 IPL-17O-5718 VSMOW2-B10-R32-15 1,0,0,0,,2.5,-0.960784448,-0.961246633,0.004148562,-1.746734589,-1.748261962,0.00164619,-0.038164317,0.004312588,-11.14598084,0.004106268,-21.60809035,0.001613438,-33.0123636,0.170461638,617.591523,0.096486077,0.084188822,0.077370283,-1.582560605,0.124224274,0,0,1,-0.006467893,-0.02604598,-0.006918952,-0.027839414,-0.006918976,-0.027839802,0.00778044,7.780439822,-0.006918976,-0.027839802,7.780439822,no correction,no correction,no correction
32,5719,mla,WaterStd,SLAP,SLAP,3,13 1,5/13/25 14:50,Data_3484,IPL-17O-5719,Data_3484 IPL-17O-5719 SLAP2-C2-R32-13 1,0,0,4,,2.5,-27.35468124,-27.73578716,0.00509597,-51.0934853,-52.44499547,0.006709795,-0.044829552,0.004182883,-37.27079209,0.005044016,-69.97303273,0.006576296,-100.8497648,0.122035989,467.5180933,0.164404053,0.399980706,0.396623353,-53.83368437,52.25112376,0,0,1,-26.41604744,-49.4406985,-28.25825313,-52.84500988,-28.66520234,-54.29253486,0.001256064,1.256063729,-28.66520234,-54.29253486,1.256063729,no correction,no correction,no correction
32,5720,mla,WaterStd,SLAP,SLAP,3,14 1,5/13/25 16:46,Data_3485,IPL-17O-5720,Data_3485 IPL-17O-5720 SLAP2-C2-R32-14 1,0,0,0,,2.5,-27.74287177,-28.1349747,0.004461305,-51.81704674,-53.20780674,0.001713548,-0.041252738,0.004762648,-37.65502501,0.004415822,-70.68219812,0.001679455,-101.4861789,0.163820621,429.9754311,0.081636342,0.065721209,0.058700218,-54.62051077,0.786826404,0,0,1,-26.80377558,-50.16401381,-28.6730207,-53.61813012,-29.09212247,-55.10912344,0.005494704,5.494704302,-29.09212247,-55.10912344,5.494704302,no correction,no correction,no correction
32,5721,mla,WaterStd,SLAP,SLAP,3,15 1,5/14/25 12:23,Data_3486,IPL-17O-5721,Data_3486 IPL-17O-5721 SLAP2-C2-R32-15 1,0,0,1,,2.5,-27.69970509,-28.09057758,0.005905311,-51.71207885,-53.09710915,0.005305762,-0.055303945,0.004754201,-37.61229842,0.005845107,-70.57931868,0.005200198,-100.2726115,0.165108124,408.3238091,0.163044293,0.282696571,0.275339018,-54.50632656,0.114184212,0,0,1,-26.75204849,-50.04353006,-28.61768626,-53.48935029,-29.03515621,-54.97305672,-0.009382266,-9.382265812,-29.03515621,-54.97305672,-9.382265812,no correction,no correction,no correction
32,5722,mla,WaterStd,SLAP,SLAP,3,16 1,5/14/25 15:12,Data_3487,,Data_3487  IPL-170-5722 SLAP2-C2-R32-16 1,0,0,0,,2.5,-28.52537064,-28.94012577,0.004131456,-53.25502291,-54.72551775,0.00227767,-0.045052396,0.00413658,-38.42954631,0.004089336,-72.09156416,0.002232353,-103.0325359,0.142042067,384.365622,0.074016441,0.02058339,0.026371475,-56.18605729,1.679730733,0,0,1,-27.57730045,-51.58699783,-29.50048975,-55.13909578,-29.94438101,-56.71755363,0.002487307,2.48730741,-29.94438101,-56.71755363,2.48730741,no correction,no correction,no correction
32,5723,mla,WaterStd,SLAP,SLAP,3,17 1,5/14/25 17:08,Data_3488,IPL-17O-5723,Data_3488 IPL-17O-5723 SLAP2-C2-R32-17 1,0,0,0,,2.5,-28.674284,-29.09342348,0.004468098,-53.54632736,-55.03325556,0.001676797,-0.035864542,0.0047574,-38.5769415,0.004422546,-72.37707278,0.001643435,-103.415832,0.134852377,390.1761632,0.090368446,0.00195603,0.004420947,-56.50350364,0.317446346,0,0,1,-27.72551545,-51.87729835,-29.65904098,-55.44938537,-30.1077651,-57.04600467,0.012525361,12.52536059,-30.1077651,-57.04600467,12.52536059,no correction,no correction,no correction